PLAYER,MATCH UP,GAME DATE,W/L,MIN,PTS
Stephen Curry,GSW vs. PHX,10/24/2023,L,31,27
LeBron James,LAL @ DEN,10/24/2023,L,29,21
Kevin Durant,PHX @ GSW,10/24/2023,W,37,18
Trae Young,ATL @ CHA,10/25/2023,L,36,23
Jayson Tatum,BOS @ NYK,10/25/2023,W,39,34
Anthony Edwards,MIN @ TOR,10/25/2023,L,38,26
Jalen Brunson,NYK vs. BOS,10/25/2023,L,33,15
Shai Gilgeous-Alexander,OKC @ CHI,10/25/2023,W,36,31
Wendell Carter Jr.,ORL vs. HOU,10/25/2023,W,27,8
Victor Wembanyama,SAS vs. DAL,10/25/2023,L,23,15
LeBron James,LAL vs. PHX,10/26/2023,W,35,21
Giannis Antetokounmpo,MIL vs. PHI,10/26/2023,W,35,23
Tyrese Maxey,PHI @ MIL,10/26/2023,L,40,31
Joel Embiid,PHI @ MIL,10/26/2023,L,36,24
Kevin Durant,PHX @ LAL,10/26/2023,L,39,39
Trae Young,ATL vs. NYK,10/27/2023,L,35,18
Jayson Tatum,BOS vs. MIA,10/27/2023,W,41,22
Stephen Curry,GSW @ SAC,10/27/2023,W,35,41
Jalen Brunson,NYK @ ATL,10/27/2023,W,33,31
Shai Gilgeous-Alexander,OKC @ CLE,10/27/2023,W,36,34
Wendell Carter Jr.,ORL @ POR,10/27/2023,W,26,8
Victor Wembanyama,SAS vs. HOU,10/27/2023,W,31,21
Anthony Edwards,MIN vs. MIA,10/28/2023,W,33,19
Jalen Brunson,NYK @ NOP,10/28/2023,L,31,14
Tyrese Maxey,PHI @ TOR,10/28/2023,W,41,34
Joel Embiid,PHI @ TOR,10/28/2023,W,35,34
Kevin Durant,PHX vs. UTA,10/28/2023,W,29,26
Trae Young,ATL @ MIL,10/29/2023,W,32,20
Stephen Curry,GSW @ HOU,10/29/2023,W,31,24
LeBron James,LAL @ SAC,10/29/2023,L,39,27
Giannis Antetokounmpo,MIL vs. ATL,10/29/2023,L,29,26
Shai Gilgeous-Alexander,OKC vs. DEN,10/29/2023,L,28,7
Tyrese Maxey,PHI vs. POR,10/29/2023,W,35,26
Joel Embiid,PHI vs. POR,10/29/2023,W,29,35
Victor Wembanyama,SAS @ LAC,10/29/2023,L,26,11
Trae Young,ATL vs. MIN,10/30/2023,W,35,24
Jayson Tatum,BOS @ WAS,10/30/2023,W,28,33
Stephen Curry,GSW @ NOP,10/30/2023,W,30,42
LeBron James,LAL vs. ORL,10/30/2023,W,33,19
Giannis Antetokounmpo,MIL vs. MIA,10/30/2023,W,32,33
Anthony Edwards,MIN @ ATL,10/30/2023,L,38,31
Shai Gilgeous-Alexander,OKC vs. DET,10/30/2023,W,33,32
Wendell Carter Jr.,ORL @ LAL,10/30/2023,L,35,10
Jalen Brunson,NYK @ CLE,10/31/2023,W,34,19
Wendell Carter Jr.,ORL @ LAC,10/31/2023,L,30,7
Kevin Durant,PHX vs. SAS,10/31/2023,L,37,26
Victor Wembanyama,SAS @ PHX,10/31/2023,W,28,18
Trae Young,ATL vs. WAS,11/01/2023,W,35,23
Jayson Tatum,BOS vs. IND,11/01/2023,W,27,30
Stephen Curry,GSW vs. SAC,11/01/2023,W,32,21
LeBron James,LAL vs. LAC,11/01/2023,W,42,35
Giannis Antetokounmpo,MIL @ TOR,11/01/2023,L,28,16
Anthony Edwards,MIN vs. DEN,11/01/2023,W,32,24
Jalen Brunson,NYK vs. CLE,11/01/2023,L,39,24
Shai Gilgeous-Alexander,OKC vs. NOP,11/01/2023,L,38,20
Wendell Carter Jr.,ORL @ UTA,11/02/2023,W,29,14
Tyrese Maxey,PHI vs. TOR,11/02/2023,W,40,18
Joel Embiid,PHI vs. TOR,11/02/2023,W,35,28
Kevin Durant,PHX vs. SAS,11/02/2023,L,37,28
Victor Wembanyama,SAS @ PHX,11/02/2023,W,34,38
Stephen Curry,GSW @ OKC,11/03/2023,W,31,30
Giannis Antetokounmpo,MIL vs. NYK,11/03/2023,W,36,22
Jalen Brunson,NYK @ MIL,11/03/2023,L,42,45
Trae Young,ATL @ NOP,11/04/2023,W,39,22
Jayson Tatum,BOS @ BKN,11/04/2023,W,41,32
LeBron James,LAL @ ORL,11/04/2023,L,35,24
Anthony Edwards,MIN vs. UTA,11/04/2023,W,36,31
Tyrese Maxey,PHI vs. PHX,11/04/2023,W,36,22
Joel Embiid,PHI vs. PHX,11/04/2023,W,31,26
Kevin Durant,PHX @ PHI,11/04/2023,L,36,31
Stephen Curry,GSW @ CLE,11/05/2023,L,31,28
Kevin Durant,PHX @ DET,11/05/2023,W,35,41
Victor Wembanyama,SAS vs. TOR,11/05/2023,L,38,20
Trae Young,ATL @ OKC,11/06/2023,L,36,22
Jayson Tatum,BOS @ MIN,11/06/2023,L,43,32
Stephen Curry,GSW @ DET,11/06/2023,W,33,34
James Harden,LAC @ NYK,11/06/2023,L,31,17
LeBron James,LAL @ MIA,11/06/2023,L,37,30
Giannis Antetokounmpo,MIL @ BKN,11/06/2023,W,35,36
Anthony Edwards,MIN vs. BOS,11/06/2023,W,38,38
Jalen Brunson,NYK vs. LAC,11/06/2023,W,35,7
Shai Gilgeous-Alexander,OKC vs. ATL,11/06/2023,W,37,30
Tyrese Maxey,PHI vs. WAS,11/06/2023,W,32,22
Joel Embiid,PHI vs. WAS,11/06/2023,W,31,48
Victor Wembanyama,SAS @ IND,11/06/2023,L,21,13
Jayson Tatum,BOS @ PHI,11/08/2023,L,37,16
Stephen Curry,GSW @ DEN,11/08/2023,L,34,23
James Harden,LAC @ BKN,11/08/2023,L,36,12
LeBron James,LAL @ HOU,11/08/2023,L,27,18
Giannis Antetokounmpo,MIL vs. DET,11/08/2023,W,22,15
Anthony Edwards,MIN vs. NOP,11/08/2023,W,33,26
Jalen Brunson,NYK vs. SAS,11/08/2023,W,33,25
Shai Gilgeous-Alexander,OKC vs. CLE,11/08/2023,W,38,43
Tyrese Maxey,PHI vs. BOS,11/08/2023,W,39,25
Joel Embiid,PHI vs. BOS,11/08/2023,W,37,27
Kevin Durant,PHX @ CHI,11/08/2023,W,42,25
Victor Wembanyama,SAS @ NYK,11/08/2023,L,30,14
Trae Young,ATL @ ORL,11/09/2023,W,34,41
Giannis Antetokounmpo,MIL @ IND,11/09/2023,L,36,54
Jayson Tatum,BOS vs. BKN,11/10/2023,W,33,23
James Harden,LAC @ DAL,11/10/2023,L,29,14
LeBron James,LAL @ PHX,11/10/2023,W,36,32
Anthony Edwards,MIN @ SAS,11/10/2023,W,37,28
Shai Gilgeous-Alexander,OKC @ SAC,11/10/2023,L,38,33
Tyrese Maxey,PHI @ DET,11/10/2023,W,39,29
Joel Embiid,PHI @ DET,11/10/2023,W,36,33
Kevin Durant,PHX vs. LAL,11/10/2023,L,39,38
Victor Wembanyama,SAS vs. MIN,11/10/2023,L,35,29
Trae Young,ATL vs. MIA,11/11/2023,L,38,27
Jayson Tatum,BOS vs. TOR,11/11/2023,W,34,27
Stephen Curry,GSW vs. CLE,11/11/2023,L,33,30
Giannis Antetokounmpo,MIL @ ORL,11/11/2023,L,37,35
Stephen Curry,GSW vs. MIN,11/12/2023,L,36,38
James Harden,LAC vs. MEM,11/12/2023,L,29,11
Anthony Edwards,MIN @ GSW,11/12/2023,W,38,33
Jalen Brunson,NYK vs. CHA,11/12/2023,W,27,20
Shai Gilgeous-Alexander,OKC @ PHX,11/12/2023,W,37,35
Tyrese Maxey,PHI vs. IND,11/12/2023,W,39,50
Joel Embiid,PHI vs. IND,11/12/2023,W,33,37
Kevin Durant,PHX vs. OKC,11/12/2023,L,36,28
Victor Wembanyama,SAS vs. MIA,11/12/2023,L,34,18
Jayson Tatum,BOS vs. NYK,11/13/2023,W,39,35
Giannis Antetokounmpo,MIL vs. CHI,11/13/2023,W,35,35
Jalen Brunson,NYK @ BOS,11/13/2023,L,39,26
James Harden,LAC @ DEN,11/14/2023,L,35,21
LeBron James,LAL vs. MEM,11/14/2023,W,23,16
Anthony Edwards,MIN @ GSW,11/14/2023,W,36,20
Shai Gilgeous-Alexander,OKC vs. SAS,11/14/2023,W,28,28
Tyrese Maxey,PHI vs. IND,11/14/2023,L,38,27
Joel Embiid,PHI vs. IND,11/14/2023,L,38,39
Victor Wembanyama,SAS @ OKC,11/14/2023,L,28,8
Trae Young,ATL vs. NYK,11/15/2023,L,34,15
Jayson Tatum,BOS @ PHI,11/15/2023,W,39,29
LeBron James,LAL vs. SAC,11/15/2023,L,35,28
Anthony Edwards,MIN @ PHX,11/15/2023,L,31,13
Jalen Brunson,NYK @ ATL,11/15/2023,W,41,24
Tyrese Maxey,PHI vs. BOS,11/15/2023,L,39,20
Joel Embiid,PHI vs. BOS,11/15/2023,L,34,20
Kevin Durant,PHX vs. MIN,11/15/2023,W,35,31
Shai Gilgeous-Alexander,OKC @ GSW,11/16/2023,W,29,24
Trae Young,ATL vs. PHI,11/17/2023,L,37,22
Jayson Tatum,BOS @ TOR,11/17/2023,W,37,17
James Harden,LAC vs. HOU,11/17/2023,W,34,24
LeBron James,LAL @ POR,11/17/2023,W,35,35
Giannis Antetokounmpo,MIL @ CHA,11/17/2023,W,28,16
Jalen Brunson,NYK @ WAS,11/17/2023,W,34,32
Tyrese Maxey,PHI @ ATL,11/17/2023,W,40,19
Joel Embiid,PHI @ ATL,11/17/2023,W,37,32
Kevin Durant,PHX @ UTA,11/17/2023,W,33,38
Victor Wembanyama,SAS vs. SAC,11/17/2023,L,30,27
Stephen Curry,GSW vs. OKC,11/18/2023,L,40,25
Giannis Antetokounmpo,MIL vs. DAL,11/18/2023,W,38,40
Anthony Edwards,MIN @ NOP,11/18/2023,W,30,23
Jalen Brunson,NYK @ CHA,11/18/2023,W,39,32
Shai Gilgeous-Alexander,OKC @ GSW,11/18/2023,W,41,40
Victor Wembanyama,SAS vs. MEM,11/18/2023,L,31,19
Jayson Tatum,BOS @ MEM,11/19/2023,W,35,20
LeBron James,LAL vs. HOU,11/19/2023,W,40,37
Shai Gilgeous-Alexander,OKC @ POR,11/19/2023,W,23,28
Tyrese Maxey,PHI @ BKN,11/19/2023,W,36,25
Joel Embiid,PHI @ BKN,11/19/2023,W,31,32
Kevin Durant,PHX @ UTA,11/19/2023,W,46,39
Jayson Tatum,BOS @ CHA,11/20/2023,L,44,45
Stephen Curry,GSW vs. HOU,11/20/2023,W,35,32
James Harden,LAC @ SAS,11/20/2023,W,28,13
Giannis Antetokounmpo,MIL @ WAS,11/20/2023,W,34,42
Anthony Edwards,MIN vs. NYK,11/20/2023,W,39,23
Jalen Brunson,NYK @ MIN,11/20/2023,L,36,25
Victor Wembanyama,SAS vs. LAC,11/20/2023,L,27,9
Trae Young,ATL vs. IND,11/21/2023,L,39,38
LeBron James,LAL vs. UTA,11/21/2023,W,24,17
Tyrese Maxey,PHI vs. CLE,11/21/2023,L,47,30
Joel Embiid,PHI vs. CLE,11/21/2023,L,41,32
Kevin Durant,PHX vs. POR,11/21/2023,W,37,31
Trae Young,ATL vs. BKN,11/22/2023,W,40,43
Jayson Tatum,BOS vs. MIL,11/22/2023,W,36,23
Stephen Curry,GSW @ PHX,11/22/2023,L,28,16
James Harden,LAC @ SAS,11/22/2023,W,36,16
LeBron James,LAL vs. DAL,11/22/2023,L,36,26
Giannis Antetokounmpo,MIL @ BOS,11/22/2023,L,37,21
Anthony Edwards,MIN vs. PHI,11/22/2023,W,36,31
Shai Gilgeous-Alexander,OKC vs. CHI,11/22/2023,W,37,40
Tyrese Maxey,PHI @ MIN,11/22/2023,L,34,16
Kevin Durant,PHX vs. GSW,11/22/2023,W,34,32
Victor Wembanyama,SAS vs. LAC,11/22/2023,L,33,22
Jayson Tatum,BOS @ ORL,11/24/2023,L,39,26
Stephen Curry,GSW vs. SAS,11/24/2023,W,35,35
James Harden,LAC vs. NOP,11/24/2023,L,37,8
Giannis Antetokounmpo,MIL vs. WAS,11/24/2023,W,37,31
Anthony Edwards,MIN vs. SAC,11/24/2023,L,40,35
Jalen Brunson,NYK vs. MIA,11/24/2023,W,34,24
Victor Wembanyama,SAS @ GSW,11/24/2023,L,35,22
Trae Young,ATL @ WAS,11/25/2023,W,30,26
James Harden,LAC vs. DAL,11/25/2023,W,28,8
LeBron James,LAL @ CLE,11/25/2023,W,36,22
Shai Gilgeous-Alexander,OKC vs. PHI,11/25/2023,L,36,31
Tyrese Maxey,PHI @ OKC,11/25/2023,W,41,28
Joel Embiid,PHI @ OKC,11/25/2023,W,37,35
Trae Young,ATL @ BOS,11/26/2023,L,37,33
Jayson Tatum,BOS vs. ATL,11/26/2023,W,39,34
Giannis Antetokounmpo,MIL vs. POR,11/26/2023,W,39,33
Anthony Edwards,MIN @ MEM,11/26/2023,W,34,24
Jalen Brunson,NYK vs. PHX,11/26/2023,L,38,35
Victor Wembanyama,SAS @ DEN,11/26/2023,L,25,22
James Harden,LAC vs. DEN,11/27/2023,L,36,11
LeBron James,LAL @ PHI,11/27/2023,L,30,18
Tyrese Maxey,PHI vs. LAL,11/27/2023,W,36,31
Joel Embiid,PHI vs. LAL,11/27/2023,W,31,30
Trae Young,ATL @ CLE,11/28/2023,L,32,13
Jayson Tatum,BOS vs. CHI,11/28/2023,W,36,21
Stephen Curry,GSW @ SAC,11/28/2023,L,37,29
Giannis Antetokounmpo,MIL @ MIA,11/28/2023,W,40,33
Anthony Edwards,MIN vs. OKC,11/28/2023,W,28,21
Jalen Brunson,NYK vs. CHA,11/28/2023,W,34,12
Shai Gilgeous-Alexander,OKC @ MIN,11/28/2023,L,34,32
James Harden,LAC @ SAC,11/29/2023,W,39,26
LeBron James,LAL @ DET,11/29/2023,W,29,25
Tyrese Maxey,PHI @ NOP,11/29/2023,L,38,33
Kevin Durant,PHX @ TOR,11/29/2023,L,36,30
Trae Young,ATL @ SAS,11/30/2023,W,40,45
Stephen Curry,GSW vs. LAC,11/30/2023,W,33,26
James Harden,LAC @ GSW,11/30/2023,L,37,18
LeBron James,LAL @ OKC,11/30/2023,L,35,21
Giannis Antetokounmpo,MIL @ CHI,11/30/2023,L,39,26
Jalen Brunson,NYK vs. DET,11/30/2023,W,40,42
Shai Gilgeous-Alexander,OKC vs. LAL,11/30/2023,W,35,33
Victor Wembanyama,SAS vs. ATL,11/30/2023,L,29,21
Jayson Tatum,BOS vs. PHI,12/01/2023,W,27,21
Jalen Brunson,NYK @ TOR,12/01/2023,W,37,22
Kevin Durant,PHX vs. DEN,12/01/2023,L,36,30
Trae Young,ATL @ MIL,12/02/2023,L,37,32
Stephen Curry,GSW @ LAC,12/02/2023,L,37,22
James Harden,LAC vs. GSW,12/02/2023,W,35,21
LeBron James,LAL vs. HOU,12/02/2023,W,35,16
Giannis Antetokounmpo,MIL vs. ATL,12/02/2023,W,36,32
Shai Gilgeous-Alexander,OKC @ DAL,12/02/2023,W,39,17
Kevin Durant,PHX vs. MEM,12/02/2023,W,33,27
Jayson Tatum,BOS @ IND,12/04/2023,L,37,32
LeBron James,LAL vs. PHX,12/05/2023,W,40,31
Giannis Antetokounmpo,MIL vs. NYK,12/05/2023,W,34,35
Jalen Brunson,NYK @ MIL,12/05/2023,L,34,24
Kevin Durant,PHX @ LAL,12/05/2023,L,39,31
Trae Young,ATL vs. BKN,12/06/2023,L,37,30
Stephen Curry,GSW vs. POR,12/06/2023,W,34,31
James Harden,LAC vs. DEN,12/06/2023,W,32,20
Anthony Edwards,MIN vs. SAS,12/06/2023,W,37,17
Shai Gilgeous-Alexander,OKC @ HOU,12/06/2023,L,37,33
Tyrese Maxey,PHI @ WAS,12/06/2023,W,38,26
Joel Embiid,PHI @ WAS,12/06/2023,W,38,50
Victor Wembanyama,SAS @ MIN,12/06/2023,L,32,12
LeBron James,LAL vs. NOP,12/07/2023,W,23,30
Giannis Antetokounmpo,MIL vs. IND,12/07/2023,L,41,37
Jayson Tatum,BOS vs. NYK,12/08/2023,W,39,25
Stephen Curry,GSW @ OKC,12/08/2023,L,40,34
James Harden,LAC @ UTA,12/08/2023,W,34,12
Anthony Edwards,MIN @ MEM,12/08/2023,W,4,0
Jalen Brunson,NYK @ BOS,12/08/2023,L,34,23
Shai Gilgeous-Alexander,OKC vs. GSW,12/08/2023,W,42,38
Tyrese Maxey,PHI vs. ATL,12/08/2023,W,39,30
Joel Embiid,PHI vs. ATL,12/08/2023,W,36,38
Victor Wembanyama,SAS vs. CHI,12/08/2023,L,32,21
Trae Young,ATL vs. DEN,12/11/2023,L,26,19
James Harden,LAC vs. POR,12/11/2023,W,37,20
Giannis Antetokounmpo,MIL vs. CHI,12/11/2023,W,41,32
Jalen Brunson,NYK vs. TOR,12/11/2023,W,38,21
Shai Gilgeous-Alexander,OKC vs. UTA,12/11/2023,W,28,30
Tyrese Maxey,PHI vs. WAS,12/11/2023,W,25,24
Joel Embiid,PHI vs. WAS,12/11/2023,W,30,34
Victor Wembanyama,SAS @ HOU,12/11/2023,L,33,15
Jayson Tatum,BOS vs. CLE,12/12/2023,W,41,25
Stephen Curry,GSW @ PHX,12/12/2023,L,32,24
James Harden,LAC vs. SAC,12/12/2023,W,28,15
LeBron James,LAL @ DAL,12/12/2023,L,40,33
Trae Young,ATL @ TOR,12/13/2023,L,39,35
Giannis Antetokounmpo,MIL vs. IND,12/13/2023,W,37,64
Jalen Brunson,NYK @ UTA,12/13/2023,L,39,23
Tyrese Maxey,PHI @ DET,12/13/2023,W,33,9
Joel Embiid,PHI @ DET,12/13/2023,W,31,41
Kevin Durant,PHX vs. BKN,12/13/2023,L,38,27
Victor Wembanyama,SAS vs. LAL,12/13/2023,L,32,30
Jayson Tatum,BOS vs. CLE,12/14/2023,W,36,27
Stephen Curry,GSW @ LAC,12/14/2023,L,34,17
James Harden,LAC vs. GSW,12/14/2023,W,42,28
Anthony Edwards,MIN @ DAL,12/14/2023,W,35,9
Shai Gilgeous-Alexander,OKC @ SAC,12/14/2023,L,38,43
Trae Young,ATL @ TOR,12/15/2023,W,36,38
Jayson Tatum,BOS vs. ORL,12/15/2023,W,39,30
LeBron James,LAL @ SAS,12/15/2023,L,36,23
Jalen Brunson,NYK @ PHX,12/15/2023,W,35,50
Tyrese Maxey,PHI vs. DET,12/15/2023,W,27,19
Joel Embiid,PHI vs. DET,12/15/2023,W,29,35
Kevin Durant,PHX vs. NYK,12/15/2023,L,36,29
Victor Wembanyama,SAS vs. LAL,12/15/2023,W,31,13
Trae Young,ATL @ CLE,12/16/2023,L,38,35
Stephen Curry,GSW vs. BKN,12/16/2023,W,35,37
James Harden,LAC vs. NYK,12/16/2023,W,28,10
Giannis Antetokounmpo,MIL vs. DET,12/16/2023,W,26,22
Anthony Edwards,MIN vs. IND,12/16/2023,W,34,37
Jalen Brunson,NYK @ LAC,12/16/2023,L,34,22
Shai Gilgeous-Alexander,OKC @ DEN,12/16/2023,W,37,25
Tyrese Maxey,PHI @ CHA,12/16/2023,W,33,21
Joel Embiid,PHI @ CHA,12/16/2023,W,30,42
Jayson Tatum,BOS vs. ORL,12/17/2023,W,31,23
Stephen Curry,GSW @ POR,12/17/2023,W,31,7
Giannis Antetokounmpo,MIL vs. HOU,12/17/2023,W,39,26
Kevin Durant,PHX vs. WAS,12/17/2023,W,35,28
Victor Wembanyama,SAS vs. NOP,12/17/2023,L,31,17
Trae Young,ATL vs. DET,12/18/2023,W,38,31
James Harden,LAC @ IND,12/18/2023,W,28,35
LeBron James,LAL vs. NYK,12/18/2023,L,39,25
Anthony Edwards,MIN @ MIA,12/18/2023,W,40,32
Jalen Brunson,NYK @ LAL,12/18/2023,W,37,29
Shai Gilgeous-Alexander,OKC vs. MEM,12/18/2023,W,28,30
Tyrese Maxey,PHI vs. CHI,12/18/2023,L,39,29
Joel Embiid,PHI vs. CHI,12/18/2023,L,37,40
Jayson Tatum,BOS @ GSW,12/19/2023,L,41,15
Stephen Curry,GSW vs. BOS,12/19/2023,W,38,33
Giannis Antetokounmpo,MIL vs. SAS,12/19/2023,W,34,11
Kevin Durant,PHX @ POR,12/19/2023,L,38,40
Trae Young,ATL @ HOU,12/20/2023,W,36,30
James Harden,LAC @ DAL,12/20/2023,W,39,17
LeBron James,LAL @ CHI,12/20/2023,L,37,25
Anthony Edwards,MIN @ PHI,12/20/2023,L,36,27
Jalen Brunson,NYK @ BKN,12/20/2023,W,32,16
Wendell Carter Jr.,ORL vs. MIA,12/20/2023,L,23,8
Tyrese Maxey,PHI vs. MIN,12/20/2023,W,37,35
Joel Embiid,PHI vs. MIN,12/20/2023,W,36,51
James Harden,LAC @ OKC,12/21/2023,L,34,23
Giannis Antetokounmpo,MIL vs. ORL,12/21/2023,W,37,37
Anthony Edwards,MIN vs. LAL,12/21/2023,W,38,27
Shai Gilgeous-Alexander,OKC vs. LAC,12/21/2023,W,32,31
Wendell Carter Jr.,ORL @ MIL,12/21/2023,L,21,4
Victor Wembanyama,SAS @ CHI,12/21/2023,L,22,7
Trae Young,ATL @ MIA,12/22/2023,L,40,30
Stephen Curry,GSW vs. WAS,12/22/2023,W,27,30
Tyrese Maxey,PHI vs. TOR,12/22/2023,W,41,33
Joel Embiid,PHI vs. TOR,12/22/2023,W,35,31
Kevin Durant,PHX @ SAC,12/22/2023,L,34,28
Trae Young,ATL vs. MEM,12/23/2023,L,41,30
Jayson Tatum,BOS @ LAC,12/23/2023,W,30,30
Stephen Curry,GSW vs. POR,12/23/2023,W,30,27
James Harden,LAC vs. BOS,12/23/2023,L,29,14
LeBron James,LAL @ OKC,12/23/2023,W,37,40
Giannis Antetokounmpo,MIL @ NYK,12/23/2023,W,32,28
Anthony Edwards,MIN @ SAC,12/23/2023,W,39,34
Jalen Brunson,NYK vs. MIL,12/23/2023,L,37,36
Shai Gilgeous-Alexander,OKC vs. LAL,12/23/2023,L,38,34
Wendell Carter Jr.,ORL @ IND,12/23/2023,W,16,4
Jayson Tatum,BOS @ LAL,12/25/2023,W,41,25
Stephen Curry,GSW @ DEN,12/25/2023,L,34,18
LeBron James,LAL vs. BOS,12/25/2023,L,37,16
Giannis Antetokounmpo,MIL @ NYK,12/25/2023,L,39,32
Jalen Brunson,NYK vs. MIL,12/25/2023,W,37,38
Tyrese Maxey,PHI @ MIA,12/25/2023,L,44,12
Kevin Durant,PHX vs. DAL,12/25/2023,L,43,16
Trae Young,ATL @ CHI,12/26/2023,L,40,21
James Harden,LAC vs. CHA,12/26/2023,W,40,29
Anthony Edwards,MIN @ OKC,12/26/2023,L,34,25
Shai Gilgeous-Alexander,OKC vs. MIN,12/26/2023,W,33,34
Wendell Carter Jr.,ORL @ WAS,12/26/2023,W,21,6
Victor Wembanyama,SAS vs. UTA,12/26/2023,L,24,15
Giannis Antetokounmpo,MIL @ BKN,12/27/2023,W,30,32
Jalen Brunson,NYK @ OKC,12/27/2023,L,37,24
Shai Gilgeous-Alexander,OKC vs. NYK,12/27/2023,W,36,36
Wendell Carter Jr.,ORL vs. PHI,12/27/2023,L,22,4
Tyrese Maxey,PHI @ ORL,12/27/2023,W,34,23
Kevin Durant,PHX @ HOU,12/27/2023,W,41,27
Jayson Tatum,BOS vs. DET,12/28/2023,W,43,31
Stephen Curry,GSW vs. MIA,12/28/2023,L,32,13
LeBron James,LAL vs. CHA,12/28/2023,W,25,17
Anthony Edwards,MIN vs. DAL,12/28/2023,W,38,44
Victor Wembanyama,SAS @ POR,12/28/2023,W,24,30
Trae Young,ATL vs. SAC,12/29/2023,L,38,24
James Harden,LAC vs. MEM,12/29/2023,W,44,16
Giannis Antetokounmpo,MIL @ CLE,12/29/2023,W,37,34
Jalen Brunson,NYK @ ORL,12/29/2023,L,34,20
Shai Gilgeous-Alexander,OKC @ DEN,12/29/2023,W,33,40
Tyrese Maxey,PHI @ HOU,12/29/2023,W,41,42
Kevin Durant,PHX vs. CHA,12/29/2023,W,39,21
Stephen Curry,GSW vs. DAL,12/30/2023,L,35,25
LeBron James,LAL @ MIN,12/30/2023,L,39,26
Anthony Edwards,MIN vs. LAL,12/30/2023,W,38,31
Jalen Brunson,NYK @ IND,12/30/2023,L,41,28
Tyrese Maxey,PHI @ CHI,12/30/2023,L,35,20
Trae Young,ATL @ WAS,12/31/2023,W,40,40
Jayson Tatum,BOS @ SAS,12/31/2023,W,31,25
LeBron James,LAL @ NOP,12/31/2023,L,37,34
Shai Gilgeous-Alexander,OKC vs. BKN,12/31/2023,W,35,24
Wendell Carter Jr.,ORL @ PHX,12/31/2023,L,24,17
Kevin Durant,PHX vs. ORL,12/31/2023,W,39,31
Victor Wembanyama,SAS vs. BOS,12/31/2023,L,24,21
James Harden,LAC vs. MIA,01/01/2024,W,31,15
Giannis Antetokounmpo,MIL vs. IND,01/01/2024,L,37,30
Anthony Edwards,MIN @ NYK,01/01/2024,L,38,35
Jalen Brunson,NYK vs. MIN,01/01/2024,W,41,16
Jayson Tatum,BOS @ OKC,01/02/2024,L,38,30
Stephen Curry,GSW vs. ORL,01/02/2024,W,35,36
Shai Gilgeous-Alexander,OKC vs. BOS,01/02/2024,W,37,36
Wendell Carter Jr.,ORL @ GSW,01/02/2024,L,20,6
Tyrese Maxey,PHI vs. CHI,01/02/2024,W,29,21
Joel Embiid,PHI vs. CHI,01/02/2024,W,31,31
Victor Wembanyama,SAS @ MEM,01/02/2024,L,26,20
Trae Young,ATL vs. OKC,01/03/2024,W,34,24
James Harden,LAC @ PHX,01/03/2024,W,36,22
LeBron James,LAL vs. MIA,01/03/2024,L,38,12
Giannis Antetokounmpo,MIL @ IND,01/03/2024,L,36,26
Anthony Edwards,MIN vs. NOP,01/03/2024,L,37,35
Jalen Brunson,NYK vs. CHI,01/03/2024,W,38,31
Shai Gilgeous-Alexander,OKC @ ATL,01/03/2024,L,35,33
Wendell Carter Jr.,ORL @ SAC,01/03/2024,L,21,9
Stephen Curry,GSW vs. DEN,01/04/2024,L,35,30
Giannis Antetokounmpo,MIL @ SAS,01/04/2024,W,40,44
Victor Wembanyama,SAS vs. MIL,01/04/2024,L,26,27
Trae Young,ATL @ IND,01/05/2024,L,28,13
Jayson Tatum,BOS vs. UTA,01/05/2024,W,25,30
Stephen Curry,GSW vs. DET,01/05/2024,W,31,26
James Harden,LAC @ NOP,01/05/2024,W,29,8
LeBron James,LAL vs. MEM,01/05/2024,L,39,32
Anthony Edwards,MIN @ HOU,01/05/2024,W,33,24
Jalen Brunson,NYK @ PHI,01/05/2024,W,32,29
Shai Gilgeous-Alexander,OKC @ BKN,01/05/2024,L,36,34
Tyrese Maxey,PHI vs. NYK,01/05/2024,L,36,27
Joel Embiid,PHI vs. NYK,01/05/2024,L,36,30
Jayson Tatum,BOS @ IND,01/06/2024,W,38,38
Giannis Antetokounmpo,MIL @ HOU,01/06/2024,L,39,48
Jalen Brunson,NYK @ WAS,01/06/2024,W,35,33
Tyrese Maxey,PHI vs. UTA,01/06/2024,L,42,25
Trae Young,ATL @ ORL,01/07/2024,L,42,31
Stephen Curry,GSW vs. TOR,01/07/2024,L,30,9
James Harden,LAC @ LAL,01/07/2024,L,39,15
LeBron James,LAL vs. LAC,01/07/2024,W,38,25
Anthony Edwards,MIN @ DAL,01/07/2024,L,37,36
Kevin Durant,PHX vs. MEM,01/07/2024,L,36,23
Victor Wembanyama,SAS @ CLE,01/07/2024,L,25,24
James Harden,LAC vs. PHX,01/08/2024,W,30,19
Giannis Antetokounmpo,MIL vs. UTA,01/08/2024,L,38,25
Shai Gilgeous-Alexander,OKC @ WAS,01/08/2024,W,36,32
Kevin Durant,PHX @ LAC,01/08/2024,L,35,30
LeBron James,LAL vs. TOR,01/09/2024,W,35,22
Anthony Edwards,MIN @ ORL,01/09/2024,W,26,6
Jalen Brunson,NYK vs. POR,01/09/2024,W,26,12
Trae Young,ATL vs. PHI,01/10/2024,W,43,28
Jayson Tatum,BOS vs. MIN,01/10/2024,W,42,45
Stephen Curry,GSW vs. NOP,01/10/2024,L,25,15
James Harden,LAC vs. TOR,01/10/2024,W,34,14
Anthony Edwards,MIN @ BOS,01/10/2024,L,46,29
Shai Gilgeous-Alexander,OKC @ MIA,01/10/2024,W,34,28
Tyrese Maxey,PHI @ ATL,01/10/2024,L,43,35
Victor Wembanyama,SAS @ DET,01/10/2024,W,21,16
Jayson Tatum,BOS @ MIL,01/11/2024,L,16,7
LeBron James,LAL vs. PHX,01/11/2024,L,24,10
Giannis Antetokounmpo,MIL vs. BOS,01/11/2024,W,26,24
Jalen Brunson,NYK @ DAL,01/11/2024,L,39,30
Shai Gilgeous-Alexander,OKC vs. POR,01/11/2024,W,21,31
Kevin Durant,PHX @ LAL,01/11/2024,W,32,18
Trae Young,ATL vs. IND,01/12/2024,L,30,13
Stephen Curry,GSW @ CHI,01/12/2024,W,35,27
James Harden,LAC @ MEM,01/12/2024,W,28,11
Anthony Edwards,MIN vs. POR,01/12/2024,W,27,9
Tyrese Maxey,PHI vs. SAC,01/12/2024,W,40,21
Victor Wembanyama,SAS vs. CHA,01/12/2024,W,20,26
Trae Young,ATL vs. WAS,01/13/2024,L,36,21
Jayson Tatum,BOS vs. HOU,01/13/2024,W,30,27
Giannis Antetokounmpo,MIL vs. GSW,01/13/2024,W,37,33
Shai Gilgeous-Alexander,OKC vs. ORL,01/13/2024,W,36,37
James Harden,LAC @ MIN,01/14/2024,L,36,14
Giannis Antetokounmpo,MIL vs. SAC,01/14/2024,W,40,27
Anthony Edwards,MIN vs. LAC,01/14/2024,W,38,33
Kevin Durant,PHX @ POR,01/14/2024,W,38,21
Trae Young,ATL vs. SAS,01/15/2024,W,38,36
Jayson Tatum,BOS @ TOR,01/15/2024,W,37,19
Stephen Curry,GSW @ MEM,01/15/2024,L,33,26
LeBron James,LAL vs. OKC,01/15/2024,W,39,25
Shai Gilgeous-Alexander,OKC @ LAL,01/15/2024,L,34,24
Wendell Carter Jr.,ORL @ NYK,01/15/2024,W,19,17
Tyrese Maxey,PHI vs. HOU,01/15/2024,W,35,27
Joel Embiid,PHI vs. HOU,01/15/2024,W,31,41
Victor Wembanyama,SAS @ ATL,01/15/2024,L,27,26
James Harden,LAC vs. OKC,01/16/2024,W,41,16
Shai Gilgeous-Alexander,OKC @ LAC,01/16/2024,L,34,19
Tyrese Maxey,PHI vs. DEN,01/16/2024,W,43,25
Joel Embiid,PHI vs. DEN,01/16/2024,W,39,41
Kevin Durant,PHX vs. SAC,01/16/2024,W,39,27
Trae Young,ATL vs. ORL,01/17/2024,W,39,18
Jayson Tatum,BOS vs. SAS,01/17/2024,W,32,24
LeBron James,LAL vs. DAL,01/17/2024,W,33,25
Anthony Edwards,MIN @ DET,01/17/2024,W,33,27
Jalen Brunson,NYK vs. HOU,01/17/2024,W,37,30
Wendell Carter Jr.,ORL @ ATL,01/17/2024,L,24,18
Victor Wembanyama,SAS @ BOS,01/17/2024,L,27,27
Anthony Edwards,MIN vs. MEM,01/18/2024,W,34,28
Jalen Brunson,NYK vs. WAS,01/18/2024,W,40,41
Shai Gilgeous-Alexander,OKC @ UTA,01/18/2024,W,35,31
Jayson Tatum,BOS vs. DEN,01/19/2024,L,39,22
LeBron James,LAL vs. BKN,01/19/2024,L,34,24
Wendell Carter Jr.,ORL vs. PHI,01/19/2024,L,26,25
Tyrese Maxey,PHI @ ORL,01/19/2024,W,34,32
Joel Embiid,PHI @ ORL,01/19/2024,W,31,36
Kevin Durant,PHX @ NOP,01/19/2024,W,35,26
Trae Young,ATL vs. CLE,01/20/2024,L,28,15
Giannis Antetokounmpo,MIL @ DET,01/20/2024,W,38,31
Anthony Edwards,MIN vs. OKC,01/20/2024,L,38,19
Jalen Brunson,NYK vs. TOR,01/20/2024,W,35,38
Shai Gilgeous-Alexander,OKC @ MIN,01/20/2024,W,37,33
Tyrese Maxey,PHI @ CHA,01/20/2024,W,42,16
Joel Embiid,PHI @ CHA,01/20/2024,W,37,33
Victor Wembanyama,SAS @ WAS,01/20/2024,W,28,24
Jayson Tatum,BOS @ HOU,01/21/2024,W,35,18
James Harden,LAC vs. BKN,01/21/2024,W,38,24
LeBron James,LAL vs. POR,01/21/2024,W,31,28
Wendell Carter Jr.,ORL vs. MIA,01/21/2024,W,34,17
Kevin Durant,PHX vs. IND,01/21/2024,W,40,40
Jayson Tatum,BOS @ DAL,01/22/2024,W,41,39
Giannis Antetokounmpo,MIL @ DET,01/22/2024,W,36,31
Anthony Edwards,MIN vs. CHA,01/22/2024,L,37,9
Wendell Carter Jr.,ORL vs. CLE,01/22/2024,L,27,10
Tyrese Maxey,PHI vs. SAS,01/22/2024,W,42,18
Joel Embiid,PHI vs. SAS,01/22/2024,W,37,70
Kevin Durant,PHX vs. CHI,01/22/2024,W,41,43
Victor Wembanyama,SAS @ PHI,01/22/2024,L,28,33
James Harden,LAC vs. LAL,01/23/2024,W,39,23
Jalen Brunson,NYK @ BKN,01/23/2024,W,36,30
Shai Gilgeous-Alexander,OKC vs. POR,01/23/2024,W,35,33
Stephen Curry,GSW vs. ATL,01/24/2024,W,31,25
Giannis Antetokounmpo,MIL vs. CLE,01/24/2024,W,35,35
Anthony Edwards,MIN @ WAS,01/24/2024,W,34,38
Shai Gilgeous-Alexander,OKC @ SAS,01/24/2024,W,29,32
Kevin Durant,PHX @ DAL,01/24/2024,W,38,12
Victor Wembanyama,SAS vs. OKC,01/24/2024,L,28,24
Jayson Tatum,BOS @ MIA,01/25/2024,W,32,26
Stephen Curry,GSW vs. SAC,01/25/2024,L,36,33
LeBron James,LAL vs. CHI,01/25/2024,W,36,25
Anthony Edwards,MIN @ BKN,01/25/2024,W,36,24
Jalen Brunson,NYK vs. DEN,01/25/2024,W,27,21
Tyrese Maxey,PHI @ IND,01/25/2024,L,29,22
Joel Embiid,PHI @ IND,01/25/2024,L,31,31
Trae Young,ATL vs. DAL,01/26/2024,L,33,30
James Harden,LAC @ TOR,01/26/2024,W,35,22
Giannis Antetokounmpo,MIL vs. CLE,01/26/2024,L,36,22
Shai Gilgeous-Alexander,OKC @ NOP,01/26/2024,W,32,31
Wendell Carter Jr.,ORL @ MEM,01/26/2024,L,35,20
Kevin Durant,PHX @ IND,01/26/2024,L,39,20
Victor Wembanyama,SAS vs. POR,01/26/2024,W,29,23
Jayson Tatum,BOS vs. LAC,01/27/2024,L,30,21
Stephen Curry,GSW vs. LAL,01/27/2024,L,43,46
James Harden,LAC @ BOS,01/27/2024,W,27,9
LeBron James,LAL @ GSW,01/27/2024,W,48,36
Giannis Antetokounmpo,MIL vs. NOP,01/27/2024,W,29,30
Anthony Edwards,MIN @ SAS,01/27/2024,L,38,32
Jalen Brunson,NYK vs. MIA,01/27/2024,W,38,32
Victor Wembanyama,SAS vs. MIN,01/27/2024,W,30,23
Trae Young,ATL vs. TOR,01/28/2024,W,42,30
Shai Gilgeous-Alexander,OKC @ DET,01/28/2024,L,29,31
Wendell Carter Jr.,ORL vs. PHX,01/28/2024,W,23,9
Kevin Durant,PHX @ ORL,01/28/2024,L,37,15
Jayson Tatum,BOS vs. NOP,01/29/2024,W,38,28
James Harden,LAC @ CLE,01/29/2024,L,39,11
LeBron James,LAL @ HOU,01/29/2024,L,37,23
Giannis Antetokounmpo,MIL @ DEN,01/29/2024,L,37,29
Anthony Edwards,MIN @ OKC,01/29/2024,W,40,27
Jalen Brunson,NYK @ CHA,01/29/2024,W,34,32
Shai Gilgeous-Alexander,OKC vs. MIN,01/29/2024,L,39,37
Wendell Carter Jr.,ORL @ DAL,01/29/2024,L,29,9
Kevin Durant,PHX @ MIA,01/29/2024,W,42,20
Victor Wembanyama,SAS vs. WAS,01/29/2024,L,31,22
Trae Young,ATL vs. LAL,01/30/2024,W,34,26
Jayson Tatum,BOS vs. IND,01/30/2024,W,39,30
Stephen Curry,GSW vs. PHI,01/30/2024,W,35,37
LeBron James,LAL @ ATL,01/30/2024,L,36,20
Jalen Brunson,NYK vs. UTA,01/30/2024,W,38,29
Joel Embiid,PHI @ GSW,01/30/2024,L,30,14
James Harden,LAC @ WAS,01/31/2024,W,33,25
Giannis Antetokounmpo,MIL @ POR,01/31/2024,L,38,27
Anthony Edwards,MIN vs. DAL,01/31/2024,W,30,9
Shai Gilgeous-Alexander,OKC vs. DEN,01/31/2024,W,36,34
Wendell Carter Jr.,ORL @ SAS,01/31/2024,W,26,14
Kevin Durant,PHX @ BKN,01/31/2024,W,38,33
Victor Wembanyama,SAS vs. ORL,01/31/2024,L,30,21
Jayson Tatum,BOS vs. LAL,02/01/2024,L,37,23
Jalen Brunson,NYK vs. IND,02/01/2024,W,37,40
Tyrese Maxey,PHI @ UTA,02/01/2024,W,41,51
Trae Young,ATL vs. PHX,02/02/2024,W,42,32
Stephen Curry,GSW @ MEM,02/02/2024,W,32,20
James Harden,LAC @ DET,02/02/2024,W,34,4
Anthony Edwards,MIN vs. ORL,02/02/2024,L,35,22
Shai Gilgeous-Alexander,OKC vs. CHA,02/02/2024,W,30,31
Wendell Carter Jr.,ORL @ MIN,02/02/2024,W,37,18
Kevin Durant,PHX @ ATL,02/02/2024,L,38,35
Victor Wembanyama,SAS vs. NOP,02/02/2024,L,28,16
Trae Young,ATL vs. GSW,02/03/2024,W,42,35
Stephen Curry,GSW @ ATL,02/03/2024,L,41,60
LeBron James,LAL @ NYK,02/03/2024,W,40,24
Giannis Antetokounmpo,MIL @ DAL,02/03/2024,W,40,48
Jalen Brunson,NYK vs. LAL,02/03/2024,L,45,36
Tyrese Maxey,PHI vs. BKN,02/03/2024,L,31,23
Victor Wembanyama,SAS vs. CLE,02/03/2024,L,27,19
Jayson Tatum,BOS vs. MEM,02/04/2024,W,31,34
James Harden,LAC @ MIA,02/04/2024,W,42,21
Giannis Antetokounmpo,MIL @ UTA,02/04/2024,L,40,33
Anthony Edwards,MIN vs. HOU,02/04/2024,W,34,32
Shai Gilgeous-Alexander,OKC vs. TOR,02/04/2024,W,48,23
Wendell Carter Jr.,ORL @ DET,02/04/2024,W,28,7
Kevin Durant,PHX @ WAS,02/04/2024,W,26,18
Trae Young,ATL vs. LAC,02/05/2024,L,36,25
Stephen Curry,GSW @ BKN,02/05/2024,W,34,29
James Harden,LAC @ ATL,02/05/2024,W,39,30
LeBron James,LAL @ CHA,02/05/2024,W,40,26
Tyrese Maxey,PHI vs. DAL,02/05/2024,L,33,15
Giannis Antetokounmpo,MIL @ PHX,02/06/2024,L,39,34
Anthony Edwards,MIN @ CHI,02/06/2024,L,44,38
Jalen Brunson,NYK vs. MEM,02/06/2024,W,31,27
Shai Gilgeous-Alexander,OKC @ UTA,02/06/2024,L,36,28
Wendell Carter Jr.,ORL @ MIA,02/06/2024,L,28,15
Kevin Durant,PHX vs. MIL,02/06/2024,W,39,28
Trae Young,ATL @ BOS,02/07/2024,L,38,20
Jayson Tatum,BOS vs. ATL,02/07/2024,W,36,20
Stephen Curry,GSW @ PHI,02/07/2024,W,25,9
James Harden,LAC vs. NOP,02/07/2024,L,38,19
Tyrese Maxey,PHI vs. GSW,02/07/2024,L,30,12
Victor Wembanyama,SAS @ MIA,02/07/2024,L,28,18
Stephen Curry,GSW @ IND,02/08/2024,W,30,42
LeBron James,LAL vs. DEN,02/08/2024,L,35,25
Giannis Antetokounmpo,MIL vs. MIN,02/08/2024,L,27,17
Anthony Edwards,MIN @ MIL,02/08/2024,W,36,26
Wendell Carter Jr.,ORL vs. SAS,02/08/2024,W,26,10
Kevin Durant,PHX vs. UTA,02/08/2024,W,35,31
Victor Wembanyama,SAS @ ORL,02/08/2024,L,23,15
Trae Young,ATL @ PHI,02/09/2024,W,40,37
Jayson Tatum,BOS vs. WAS,02/09/2024,W,38,35
LeBron James,LAL vs. NOP,02/09/2024,W,38,21
Giannis Antetokounmpo,MIL vs. CHA,02/09/2024,W,24,15
Trae Young,ATL vs. HOU,02/10/2024,W,33,18
Stephen Curry,GSW vs. PHX,02/10/2024,W,34,30
James Harden,LAC vs. DET,02/10/2024,W,36,14
Jalen Brunson,NYK vs. IND,02/10/2024,L,37,39
Shai Gilgeous-Alexander,OKC @ DAL,02/10/2024,L,29,25
Wendell Carter Jr.,ORL vs. CHI,02/10/2024,W,26,6
Tyrese Maxey,PHI @ WAS,02/10/2024,W,36,28
Kevin Durant,PHX @ GSW,02/10/2024,L,39,24
Victor Wembanyama,SAS @ BKN,02/10/2024,L,29,21
Jayson Tatum,BOS @ MIA,02/11/2024,W,39,26
Shai Gilgeous-Alexander,OKC vs. SAC,02/11/2024,W,39,38
Trae Young,ATL vs. CHI,02/12/2024,L,36,19
Stephen Curry,GSW @ UTA,02/12/2024,W,32,25
James Harden,LAC vs. MIN,02/12/2024,L,32,17
Giannis Antetokounmpo,MIL vs. DEN,02/12/2024,W,30,36
Anthony Edwards,MIN @ LAC,02/12/2024,W,32,23
Jalen Brunson,NYK @ HOU,02/12/2024,L,39,27
Tyrese Maxey,PHI @ CLE,02/12/2024,W,42,22
Victor Wembanyama,SAS @ TOR,02/12/2024,W,29,27
Jayson Tatum,BOS @ BKN,02/13/2024,W,39,41
LeBron James,LAL vs. DET,02/13/2024,W,31,25
Giannis Antetokounmpo,MIL vs. MIA,02/13/2024,L,34,23
Anthony Edwards,MIN @ POR,02/13/2024,W,34,41
Shai Gilgeous-Alexander,OKC @ ORL,02/13/2024,W,34,32
Wendell Carter Jr.,ORL vs. OKC,02/13/2024,L,31,22
Kevin Durant,PHX vs. SAC,02/13/2024,W,38,28
Trae Young,ATL @ CHA,02/14/2024,L,34,12
Jayson Tatum,BOS vs. BKN,02/14/2024,W,28,20
Stephen Curry,GSW vs. LAC,02/14/2024,L,35,41
James Harden,LAC @ GSW,02/14/2024,W,40,26
Jalen Brunson,NYK @ ORL,02/14/2024,L,35,33
Wendell Carter Jr.,ORL vs. NYK,02/14/2024,W,24,9
Tyrese Maxey,PHI vs. MIA,02/14/2024,L,39,30
Kevin Durant,PHX vs. DET,02/14/2024,W,30,25
Victor Wembanyama,SAS @ DAL,02/14/2024,L,27,26
Stephen Curry,GSW @ UTA,02/15/2024,W,35,16
Giannis Antetokounmpo,MIL @ MEM,02/15/2024,L,37,35
Anthony Edwards,MIN @ POR,02/15/2024,W,33,34
Jayson Tatum,BOS @ CHI,02/22/2024,W,35,25
Stephen Curry,GSW vs. LAL,02/22/2024,W,32,32
James Harden,LAC @ OKC,02/22/2024,L,29,17
Jalen Brunson,NYK @ PHI,02/22/2024,W,39,21
Shai Gilgeous-Alexander,OKC vs. LAC,02/22/2024,W,35,31
Wendell Carter Jr.,ORL @ CLE,02/22/2024,W,23,12
Tyrese Maxey,PHI vs. NYK,02/22/2024,L,40,35
Kevin Durant,PHX @ DAL,02/22/2024,L,40,23
Victor Wembanyama,SAS @ SAC,02/22/2024,L,31,19
Trae Young,ATL vs. TOR,02/23/2024,L,35,11
Stephen Curry,GSW vs. CHA,02/23/2024,W,31,15
James Harden,LAC @ MEM,02/23/2024,W,39,9
LeBron James,LAL vs. SAS,02/23/2024,W,34,30
Giannis Antetokounmpo,MIL @ MIN,02/23/2024,W,41,33
Anthony Edwards,MIN vs. MIL,02/23/2024,L,38,28
Shai Gilgeous-Alexander,OKC vs. WAS,02/23/2024,W,30,30
Tyrese Maxey,PHI vs. CLE,02/23/2024,W,39,24
Kevin Durant,PHX @ HOU,02/23/2024,L,38,28
Victor Wembanyama,SAS @ LAL,02/23/2024,L,31,27
Jayson Tatum,BOS @ NYK,02/24/2024,W,43,19
Anthony Edwards,MIN vs. BKN,02/24/2024,W,38,29
Jalen Brunson,NYK vs. BOS,02/24/2024,L,38,34
Wendell Carter Jr.,ORL @ DET,02/24/2024,W,22,11
Stephen Curry,GSW vs. DEN,02/25/2024,L,32,20
James Harden,LAC vs. SAC,02/25/2024,L,35,20
LeBron James,LAL @ PHX,02/25/2024,L,37,28
Giannis Antetokounmpo,MIL @ PHI,02/25/2024,W,36,30
Shai Gilgeous-Alexander,OKC @ HOU,02/25/2024,W,37,36
Wendell Carter Jr.,ORL @ ATL,02/25/2024,L,34,18
Tyrese Maxey,PHI vs. MIL,02/25/2024,L,38,24
Kevin Durant,PHX vs. LAL,02/25/2024,W,39,22
Victor Wembanyama,SAS @ UTA,02/25/2024,L,27,22
Jalen Brunson,NYK vs. DET,02/26/2024,W,40,35
Jayson Tatum,BOS vs. PHI,02/27/2024,W,35,29
Stephen Curry,GSW @ WAS,02/27/2024,W,30,18
Giannis Antetokounmpo,MIL vs. CHA,02/27/2024,W,24,24
Anthony Edwards,MIN vs. SAS,02/27/2024,W,33,34
Shai Gilgeous-Alexander,OKC vs. HOU,02/27/2024,W,32,31
Wendell Carter Jr.,ORL vs. BKN,02/27/2024,W,22,10
Tyrese Maxey,PHI @ BOS,02/27/2024,L,37,32
Victor Wembanyama,SAS @ MIN,02/27/2024,L,34,17
James Harden,LAC vs. LAL,02/28/2024,L,40,23
LeBron James,LAL @ LAC,02/28/2024,W,37,34
Anthony Edwards,MIN vs. MEM,02/28/2024,W,40,34
Stephen Curry,GSW @ NYK,02/29/2024,W,32,31
LeBron James,LAL vs. WAS,02/29/2024,W,39,31
Giannis Antetokounmpo,MIL @ CHA,02/29/2024,W,33,24
Jalen Brunson,NYK vs. GSW,02/29/2024,L,37,27
Shai Gilgeous-Alexander,OKC @ SAS,02/29/2024,L,35,31
Wendell Carter Jr.,ORL vs. UTA,02/29/2024,W,22,6
Kevin Durant,PHX vs. HOU,02/29/2024,W,40,24
Victor Wembanyama,SAS vs. OKC,02/29/2024,W,32,28
Jayson Tatum,BOS vs. DAL,03/01/2024,W,37,32
Stephen Curry,GSW @ TOR,03/01/2024,W,30,25
James Harden,LAC vs. WAS,03/01/2024,W,25,28
Giannis Antetokounmpo,MIL @ CHI,03/01/2024,W,37,46
Anthony Edwards,MIN vs. SAC,03/01/2024,L,19,11
Tyrese Maxey,PHI vs. CHA,03/01/2024,W,39,33
LeBron James,LAL vs. DEN,03/02/2024,L,37,26
Kevin Durant,PHX vs. HOU,03/02/2024,L,39,30
Jayson Tatum,BOS vs. GSW,03/03/2024,W,25,27
Stephen Curry,GSW @ BOS,03/03/2024,L,17,4
James Harden,LAC @ MIN,03/03/2024,W,34,4
Anthony Edwards,MIN vs. LAC,03/03/2024,L,37,27
Jalen Brunson,NYK @ CLE,03/03/2024,W,1,0
Shai Gilgeous-Alexander,OKC @ PHX,03/03/2024,W,38,35
Wendell Carter Jr.,ORL vs. DET,03/03/2024,W,31,19
Tyrese Maxey,PHI @ DAL,03/03/2024,W,39,24
Kevin Durant,PHX vs. OKC,03/03/2024,L,36,20
Victor Wembanyama,SAS vs. IND,03/03/2024,W,31,31
James Harden,LAC @ MIL,03/04/2024,L,37,29
LeBron James,LAL vs. OKC,03/04/2024,W,31,19
Anthony Edwards,MIN vs. POR,03/04/2024,W,35,13
Shai Gilgeous-Alexander,OKC @ LAL,03/04/2024,L,30,20
Jayson Tatum,BOS @ CLE,03/05/2024,L,38,26
Wendell Carter Jr.,ORL @ CHA,03/05/2024,W,29,12
Kevin Durant,PHX @ DEN,03/05/2024,W,44,35
Victor Wembanyama,SAS @ HOU,03/05/2024,L,31,10
Stephen Curry,GSW vs. MIL,03/06/2024,W,31,29
James Harden,LAC @ HOU,03/06/2024,W,39,21
LeBron James,LAL vs. SAC,03/06/2024,L,36,31
Giannis Antetokounmpo,MIL @ GSW,03/06/2024,L,33,23
Shai Gilgeous-Alexander,OKC @ POR,03/06/2024,W,36,37
Jayson Tatum,BOS @ DEN,03/07/2024,L,39,15
Stephen Curry,GSW vs. CHI,03/07/2024,L,29,15
Anthony Edwards,MIN @ IND,03/07/2024,W,39,44
Kevin Durant,PHX vs. TOR,03/07/2024,W,35,35
Giannis Antetokounmpo,MIL @ LAL,03/08/2024,L,39,34
Anthony Edwards,MIN @ CLE,03/08/2024,L,42,19
Jalen Brunson,NYK vs. ORL,03/08/2024,W,29,26
Shai Gilgeous-Alexander,OKC vs. MIA,03/08/2024,W,36,37
Wendell Carter Jr.,ORL @ NYK,03/08/2024,L,25,7
Jayson Tatum,BOS @ PHX,03/09/2024,W,42,29
James Harden,LAC vs. CHI,03/09/2024,W,34,14
Kevin Durant,PHX vs. BOS,03/09/2024,L,37,45
James Harden,LAC vs. MIL,03/10/2024,L,36,13
LeBron James,LAL vs. MIN,03/10/2024,W,38,29
Giannis Antetokounmpo,MIL @ LAC,03/10/2024,W,39,34
Anthony Edwards,MIN @ LAL,03/10/2024,L,40,25
Jalen Brunson,NYK vs. PHI,03/10/2024,L,32,19
Shai Gilgeous-Alexander,OKC vs. MEM,03/10/2024,W,27,23
Wendell Carter Jr.,ORL vs. IND,03/10/2024,L,28,13
Jayson Tatum,BOS @ POR,03/11/2024,W,36,26
Kevin Durant,PHX @ CLE,03/11/2024,W,39,37
Victor Wembanyama,SAS vs. GSW,03/11/2024,L,31,27
Jayson Tatum,BOS @ UTA,03/12/2024,W,34,38
James Harden,LAC vs. MIN,03/12/2024,L,34,12
Giannis Antetokounmpo,MIL @ SAC,03/12/2024,L,33,30
Anthony Edwards,MIN @ LAC,03/12/2024,W,37,37
Jalen Brunson,NYK vs. PHI,03/12/2024,W,27,20
Shai Gilgeous-Alexander,OKC vs. IND,03/12/2024,L,37,30
Tyrese Maxey,PHI @ NYK,03/12/2024,L,28,17
Victor Wembanyama,SAS vs. HOU,03/12/2024,L,31,13
LeBron James,LAL @ SAC,03/13/2024,L,40,18
Wendell Carter Jr.,ORL vs. BKN,03/13/2024,W,27,15
Jayson Tatum,BOS vs. PHX,03/14/2024,W,33,26
Giannis Antetokounmpo,MIL vs. PHI,03/14/2024,W,37,32
Jalen Brunson,NYK @ POR,03/14/2024,W,38,45
Shai Gilgeous-Alexander,OKC vs. DAL,03/14/2024,W,37,31
Tyrese Maxey,PHI @ MIL,03/14/2024,L,37,30
Kevin Durant,PHX @ BOS,03/14/2024,L,34,20
Wendell Carter Jr.,ORL @ TOR,03/15/2024,W,28,15
Kevin Durant,PHX @ CHA,03/15/2024,W,38,13
Victor Wembanyama,SAS vs. DEN,03/15/2024,L,33,17
Stephen Curry,GSW @ LAL,03/16/2024,W,34,31
LeBron James,LAL vs. GSW,03/16/2024,L,38,40
Anthony Edwards,MIN @ UTA,03/16/2024,W,35,31
Jalen Brunson,NYK @ SAC,03/16/2024,W,36,42
Shai Gilgeous-Alexander,OKC @ MEM,03/16/2024,W,35,20
Tyrese Maxey,PHI vs. CHA,03/16/2024,W,40,30
Jayson Tatum,BOS @ WAS,03/17/2024,W,27,30
James Harden,LAC vs. ATL,03/17/2024,L,36,9
Wendell Carter Jr.,ORL vs. TOR,03/17/2024,W,27,9
Kevin Durant,PHX @ MIL,03/17/2024,L,41,11
Victor Wembanyama,SAS vs. BKN,03/17/2024,W,36,33
Stephen Curry,GSW vs. NYK,03/18/2024,L,33,27
LeBron James,LAL vs. ATL,03/18/2024,W,29,25
Anthony Edwards,MIN @ UTA,03/18/2024,W,38,32
Jalen Brunson,NYK @ GSW,03/18/2024,W,35,34
Tyrese Maxey,PHI vs. MIA,03/18/2024,W,41,30
Anthony Edwards,MIN vs. DEN,03/19/2024,L,38,30
Wendell Carter Jr.,ORL vs. CHA,03/19/2024,W,24,8
Victor Wembanyama,SAS vs. DAL,03/19/2024,L,32,12
Jayson Tatum,BOS vs. MIL,03/20/2024,W,39,31
Stephen Curry,GSW vs. MEM,03/20/2024,W,24,14
James Harden,LAC @ POR,03/20/2024,W,36,19
Shai Gilgeous-Alexander,OKC vs. UTA,03/20/2024,W,33,31
Tyrese Maxey,PHI @ PHX,03/20/2024,L,29,6
Kevin Durant,PHX vs. PHI,03/20/2024,W,36,22
Giannis Antetokounmpo,MIL vs. BKN,03/21/2024,W,35,21
Jalen Brunson,NYK @ DEN,03/21/2024,L,34,26
Wendell Carter Jr.,ORL vs. NOP,03/21/2024,W,23,8
Kevin Durant,PHX vs. ATL,03/21/2024,W,37,19
Stephen Curry,GSW vs. IND,03/22/2024,L,35,25
James Harden,LAC @ POR,03/22/2024,W,36,15
LeBron James,LAL vs. PHI,03/22/2024,W,38,20
Anthony Edwards,MIN vs. CLE,03/22/2024,W,35,16
Shai Gilgeous-Alexander,OKC @ TOR,03/22/2024,W,33,23
Tyrese Maxey,PHI @ LAL,03/22/2024,L,39,27
Victor Wembanyama,SAS vs. MEM,03/22/2024,L,33,31
Jayson Tatum,BOS @ CHI,03/23/2024,W,37,26
Jalen Brunson,NYK vs. BKN,03/23/2024,W,33,17
Wendell Carter Jr.,ORL vs. SAC,03/23/2024,L,23,3
Kevin Durant,PHX @ SAS,03/23/2024,W,31,25
Victor Wembanyama,SAS vs. PHX,03/23/2024,L,21,13
Stephen Curry,GSW @ MIN,03/24/2024,L,30,31
James Harden,LAC vs. PHI,03/24/2024,L,34,12
LeBron James,LAL vs. IND,03/24/2024,W,38,26
Giannis Antetokounmpo,MIL vs. OKC,03/24/2024,W,34,30
Anthony Edwards,MIN vs. GSW,03/24/2024,W,38,23
Shai Gilgeous-Alexander,OKC @ MIL,03/24/2024,L,30,12
Tyrese Maxey,PHI @ LAC,03/24/2024,W,44,24
Jayson Tatum,BOS @ ATL,03/25/2024,L,39,37
James Harden,LAC vs. IND,03/25/2024,L,34,11
Jalen Brunson,NYK vs. DET,03/25/2024,W,30,28
Tyrese Maxey,PHI @ SAC,03/25/2024,L,35,29
Kevin Durant,PHX @ SAS,03/25/2024,L,36,29
Stephen Curry,GSW @ MIA,03/26/2024,W,31,17
Giannis Antetokounmpo,MIL vs. LAL,03/26/2024,L,46,29
Shai Gilgeous-Alexander,OKC @ NOP,03/26/2024,W,38,24
Stephen Curry,GSW @ ORL,03/27/2024,W,35,17
James Harden,LAC @ PHI,03/27/2024,W,39,16
LeBron James,LAL @ MEM,03/27/2024,W,35,23
Anthony Edwards,MIN vs. DET,03/27/2024,W,29,9
Jalen Brunson,NYK @ TOR,03/27/2024,W,29,26
Wendell Carter Jr.,ORL vs. GSW,03/27/2024,L,19,7
Tyrese Maxey,PHI vs. LAC,03/27/2024,L,44,26
Kevin Durant,PHX @ DEN,03/27/2024,W,38,30
Victor Wembanyama,SAS @ UTA,03/27/2024,W,30,19
Jayson Tatum,BOS @ ATL,03/28/2024,L,45,31
Giannis Antetokounmpo,MIL @ NOP,03/28/2024,L,39,35
Stephen Curry,GSW @ CHA,03/29/2024,W,32,23
James Harden,LAC @ ORL,03/29/2024,W,37,11
LeBron James,LAL @ IND,03/29/2024,L,35,16
Anthony Edwards,MIN @ DEN,03/29/2024,W,39,25
Jalen Brunson,NYK @ SAS,03/29/2024,L,43,61
Wendell Carter Jr.,ORL vs. LAC,03/29/2024,L,24,2
Tyrese Maxey,PHI @ CLE,03/29/2024,L,43,16
Kevin Durant,PHX @ OKC,03/29/2024,L,31,26
Victor Wembanyama,SAS vs. NYK,03/29/2024,W,38,40
Jayson Tatum,BOS @ NOP,03/30/2024,W,36,23
Giannis Antetokounmpo,MIL @ ATL,03/30/2024,W,38,36
Wendell Carter Jr.,ORL vs. MEM,03/30/2024,W,28,15
Stephen Curry,GSW @ SAS,03/31/2024,W,33,33
James Harden,LAC @ CHA,03/31/2024,W,36,6
LeBron James,LAL @ BKN,03/31/2024,W,37,40
Anthony Edwards,MIN vs. CHI,03/31/2024,L,36,22
Jalen Brunson,NYK vs. OKC,03/31/2024,L,35,30
Shai Gilgeous-Alexander,OKC @ NYK,03/31/2024,W,35,19
Victor Wembanyama,SAS vs. GSW,03/31/2024,L,31,32
Jayson Tatum,BOS @ CHA,04/01/2024,W,34,25
Wendell Carter Jr.,ORL vs. POR,04/01/2024,W,31,17
Kevin Durant,PHX @ NOP,04/01/2024,W,41,20
Stephen Curry,GSW vs. DAL,04/02/2024,W,32,13
James Harden,LAC @ SAC,04/02/2024,L,31,6
LeBron James,LAL @ TOR,04/02/2024,W,29,23
Giannis Antetokounmpo,MIL @ WAS,04/02/2024,L,36,35
Anthony Edwards,MIN vs. HOU,04/02/2024,W,36,21
Jalen Brunson,NYK @ MIA,04/02/2024,L,36,20
Joel Embiid,PHI vs. OKC,04/02/2024,W,29,24
Victor Wembanyama,SAS @ DEN,04/02/2024,L,34,23
Jayson Tatum,BOS vs. OKC,04/03/2024,W,29,24
LeBron James,LAL @ WAS,04/03/2024,W,36,25
Giannis Antetokounmpo,MIL vs. MEM,04/03/2024,L,32,21
Anthony Edwards,MIN vs. TOR,04/03/2024,W,30,28
Wendell Carter Jr.,ORL @ NOP,04/03/2024,W,24,14
Kevin Durant,PHX vs. CLE,04/03/2024,W,36,32
Stephen Curry,GSW @ HOU,04/04/2024,W,31,29
James Harden,LAC vs. DEN,04/04/2024,W,38,20
Jalen Brunson,NYK vs. SAC,04/04/2024,W,38,35
Tyrese Maxey,PHI @ MIA,04/04/2024,W,41,37
Joel Embiid,PHI @ MIA,04/04/2024,W,33,29
Jayson Tatum,BOS vs. SAC,04/05/2024,W,33,17
Stephen Curry,GSW @ DAL,04/05/2024,L,35,28
James Harden,LAC vs. UTA,04/05/2024,W,33,13
Anthony Edwards,MIN @ PHX,04/05/2024,L,33,17
Jalen Brunson,NYK @ CHI,04/05/2024,L,42,35
Wendell Carter Jr.,ORL @ CHA,04/05/2024,L,37,13
Kevin Durant,PHX vs. MIN,04/05/2024,W,35,22
Victor Wembanyama,SAS @ NOP,04/05/2024,W,34,17
LeBron James,LAL vs. CLE,04/06/2024,W,36,24
Tyrese Maxey,PHI @ MEM,04/06/2024,W,25,7
Joel Embiid,PHI @ MEM,04/06/2024,W,23,30
James Harden,LAC vs. CLE,04/07/2024,W,26,22
Giannis Antetokounmpo,MIL vs. NYK,04/07/2024,L,39,28
Anthony Edwards,MIN @ LAL,04/07/2024,W,35,26
Jalen Brunson,NYK @ MIL,04/07/2024,W,39,43
Wendell Carter Jr.,ORL vs. CHI,04/07/2024,W,34,11
Tyrese Maxey,PHI @ SAS,04/07/2024,W,54,52
Kevin Durant,PHX vs. NOP,04/07/2024,L,38,23
Victor Wembanyama,SAS vs. PHI,04/07/2024,L,43,33
Jayson Tatum,BOS @ MIL,04/09/2024,L,37,22
Stephen Curry,GSW @ LAL,04/09/2024,W,32,23
LeBron James,LAL vs. GSW,04/09/2024,L,36,33
Giannis Antetokounmpo,MIL vs. BOS,04/09/2024,W,29,15
Anthony Edwards,MIN vs. WAS,04/09/2024,W,38,51
Jalen Brunson,NYK @ CHI,04/09/2024,W,42,45
Shai Gilgeous-Alexander,OKC vs. SAC,04/09/2024,W,38,40
Wendell Carter Jr.,ORL @ HOU,04/09/2024,L,21,7
Joel Embiid,PHI vs. DET,04/09/2024,W,36,37
Kevin Durant,PHX vs. LAC,04/09/2024,L,40,21
Victor Wembanyama,SAS @ MEM,04/09/2024,W,31,18
Trae Young,ATL vs. CHA,04/10/2024,L,21,14
Anthony Edwards,MIN @ DEN,04/10/2024,L,35,25
Shai Gilgeous-Alexander,OKC vs. SAS,04/10/2024,W,26,26
Wendell Carter Jr.,ORL @ MIL,04/10/2024,L,23,9
Kevin Durant,PHX @ LAC,04/10/2024,W,37,24
Jayson Tatum,BOS vs. NYK,04/11/2024,L,32,18
Stephen Curry,GSW @ POR,04/11/2024,W,36,22
Jalen Brunson,NYK @ BOS,04/11/2024,W,30,39
Trae Young,ATL @ MIN,04/12/2024,L,27,19
Stephen Curry,GSW vs. NOP,04/12/2024,L,32,33
James Harden,LAC vs. UTA,04/12/2024,L,10,4
LeBron James,LAL @ MEM,04/12/2024,W,41,37
Anthony Edwards,MIN vs. ATL,04/12/2024,W,27,14
Jalen Brunson,NYK vs. BKN,04/12/2024,W,37,30
Shai Gilgeous-Alexander,OKC vs. MIL,04/12/2024,W,29,23
Wendell Carter Jr.,ORL @ PHI,04/12/2024,L,4,4
Tyrese Maxey,PHI vs. ORL,04/12/2024,W,40,28
Joel Embiid,PHI vs. ORL,04/12/2024,W,32,32
Kevin Durant,PHX @ SAC,04/12/2024,W,42,28
Victor Wembanyama,SAS vs. DEN,04/12/2024,W,37,34
Trae Young,ATL @ IND,04/14/2024,L,32,12
LeBron James,LAL @ NOP,04/14/2024,W,38,28
Anthony Edwards,MIN vs. PHX,04/14/2024,L,35,13
Jalen Brunson,NYK vs. CHI,04/14/2024,W,41,40
Shai Gilgeous-Alexander,OKC vs. DAL,04/14/2024,W,16,15
Wendell Carter Jr.,ORL vs. MIL,04/14/2024,W,14,7
Tyrese Maxey,PHI vs. BKN,04/14/2024,W,29,26
Kevin Durant,PHX @ MIN,04/14/2024,W,38,15