PLAYER,TEAM,MATCH UP,GAME DATE,W/L,MIN,PTS,FGM,FGA,FG%,3 POINT MADE,3 POINT ATTEMPTED,3P%,FTM,FTA,FT%,OREB,DREB,REB,AST,STL,BLK,TOV,PF,PLUS/MINUS,FP
LeBron James,LAL,LAL @ DEN,10/24/2023,L,29,21,10,16,62.5,1,4,25,0,1,0,1,7,8,5,1,0,0,1,7,41.1
Stephen Curry,GSW,GSW vs. PHX,10/24/2023,L,31,27,8,20,40,4,14,28.6,7,7,100,1,4,5,1,1,0,2,5,-9,35.5
Kevin Durant,PHX,PHX @ GSW,10/24/2023,W,37,18,7,22,31.8,1,2,50,3,5,60,2,9,11,3,0,1,2,1,0,36.7
Anthony Edwards,MIN,MIN @ TOR,10/25/2023,L,38,26,8,27,29.6,4,7,57.1,6,6,100,5,9,14,1,0,0,2,1,0,42.3
Shai Gilgeous-Alexander,OKC,OKC @ CHI,10/25/2023,W,36,31,12,18,66.7,2,5,40,5,5,100,0,5,5,10,1,2,1,0,19,60
Jayson Tatum,BOS,BOS @ NYK,10/25/2023,W,39,34,13,22,59.1,3,8,37.5,5,6,83.3,0,11,11,4,2,1,4,3,0,58.2
Jalen Brunson,NYK,NYK vs. BOS,10/25/2023,L,33,15,6,21,28.6,3,8,37.5,0,1,0,1,2,3,6,3,0,2,3,-9,34.6
Victor Wembanyama,SAS,SAS vs. DAL,10/25/2023,L,23,15,6,9,66.7,3,5,60,0,1,0,0,5,5,2,2,1,5,5,0,28
Wendell Carter Jr.,ORL,ORL vs. HOU,10/25/2023,W,27,8,4,10,40,0,2,0,0,0,-,4,4,8,1,2,0,2,3,8,23.1
Trae Young,ATL,ATL @ CHA,10/25/2023,L,36,23,4,19,21.1,1,9,11.1,14,15,93.3,0,1,1,9,1,0,5,3,-11,35.7
LeBron James,LAL,LAL vs. PHX,10/26/2023,W,35,21,7,14,50,1,5,20,6,8,75,1,7,8,9,2,2,5,1,22,51.1
Tyrese Maxey,PHI,PHI @ MIL,10/26/2023,L,40,31,10,22,45.5,3,8,37.5,8,10,80,0,4,4,8,2,0,0,3,0,53.8
Giannis Antetokounmpo,MIL,MIL vs. PHI,10/26/2023,W,35,23,10,21,47.6,0,3,0,3,9,33.3,4,8,12,3,2,2,7,4,-13,46.9
Kevin Durant,PHX,PHX @ LAL,10/26/2023,L,39,39,14,28,50,1,5,20,10,13,76.9,0,11,11,2,1,1,8,2,18,53.2
Joel Embiid,PHI,PHI @ MIL,10/26/2023,L,36,24,9,21,42.9,3,7,42.9,3,8,37.5,0,7,7,6,0,1,7,5,-1,37.4
Stephen Curry,GSW,GSW @ SAC,10/27/2023,W,35,41,14,19,73.7,7,10,70,6,6,100,1,3,4,4,2,0,4,0,10,53.8
Shai Gilgeous-Alexander,OKC,OKC @ CLE,10/27/2023,W,36,34,15,26,57.7,2,2,100,2,2,100,1,10,11,4,5,1,5,2,4,66.2
Jayson Tatum,BOS,BOS vs. MIA,10/27/2023,W,41,22,9,22,40.9,3,10,30,1,3,33.3,0,8,8,5,1,0,2,4,13,40.1
Jalen Brunson,NYK,NYK @ ATL,10/27/2023,W,33,31,11,21,52.4,8,12,66.7,1,2,50,0,3,3,5,0,0,2,1,13,40.1
Victor Wembanyama,SAS,SAS vs. HOU,10/27/2023,W,31,21,7,19,36.8,0,6,0,7,8,87.5,5,7,12,1,3,3,4,2,9,50.9
Wendell Carter Jr.,ORL,ORL @ POR,10/27/2023,W,26,8,2,7,28.6,1,3,33.3,3,4,75,2,7,9,1,0,0,2,1,6,18.3
Trae Young,ATL,ATL vs. NYK,10/27/2023,L,35,18,4,16,25,2,5,40,8,10,80,1,2,3,12,3,0,6,2,-5,42.6
Tyrese Maxey,PHI,PHI @ TOR,10/28/2023,W,41,34,12,20,60,7,9,77.8,3,3,100,1,5,6,7,0,1,1,1,10,53.7
Anthony Edwards,MIN,MIN vs. MIA,10/28/2023,W,33,19,7,15,46.7,3,5,60,2,2,100,0,2,2,7,0,0,2,3,21,29.9
Kevin Durant,PHX,PHX vs. UTA,10/28/2023,W,29,26,8,11,72.7,1,4,25,9,9,100,0,4,4,7,1,1,2,1,30,45.3
Jalen Brunson,NYK,NYK @ NOP,10/28/2023,L,31,14,4,14,28.6,1,5,20,5,6,83.3,1,3,4,5,0,0,1,2,-9,25.3
Joel Embiid,PHI,PHI @ TOR,10/28/2023,W,35,34,14,21,66.7,1,3,33.3,5,6,83.3,0,9,9,8,1,2,1,0,-2,64.8
LeBron James,LAL,LAL @ SAC,10/29/2023,L,39,27,11,19,57.9,3,8,37.5,2,6,33.3,0,15,15,8,0,0,8,2,-5,49
Stephen Curry,GSW,GSW @ HOU,10/29/2023,W,31,24,6,16,37.5,6,14,42.9,6,6,100,1,6,7,6,0,1,1,1,-2,43.4
Tyrese Maxey,PHI,PHI vs. POR,10/29/2023,W,35,26,6,14,42.9,4,8,50,10,10,100,1,9,10,4,0,0,2,1,19,42
Giannis Antetokounmpo,MIL,MIL vs. ATL,10/29/2023,L,29,26,9,14,64.3,0,1,0,8,10,80,5,6,11,3,1,2,3,2,-11,49.7
Shai Gilgeous-Alexander,OKC,OKC vs. DEN,10/29/2023,L,28,7,2,16,12.5,0,4,0,3,4,75,1,3,4,7,1,0,0,2,-22,25.3
Victor Wembanyama,SAS,SAS @ LAC,10/29/2023,L,26,11,4,10,40,0,2,0,3,6,50,1,4,5,2,1,1,5,1,-14,21
Joel Embiid,PHI,PHI vs. POR,10/29/2023,W,29,35,12,22,54.5,2,4,50,9,12,75,5,10,15,7,2,6,3,3,28,84.5
Trae Young,ATL,ATL @ MIL,10/29/2023,W,32,20,5,14,35.7,3,8,37.5,7,9,77.8,0,3,3,11,1,0,3,1,13,40.1
LeBron James,LAL,LAL vs. ORL,10/30/2023,W,33,19,7,17,41.2,2,6,33.3,3,4,75,0,3,3,4,3,1,5,0,5,35.6
Stephen Curry,GSW,GSW @ NOP,10/30/2023,W,30,42,15,22,68.2,7,13,53.8,5,7,71.4,0,5,5,5,2,0,3,1,13,58.5
Anthony Edwards,MIN,MIN @ ATL,10/30/2023,L,38,31,13,21,61.9,5,8,62.5,0,1,0,0,5,5,7,1,0,5,4,-9,45.5
Giannis Antetokounmpo,MIL,MIL vs. MIA,10/30/2023,W,32,33,12,21,57.1,1,3,33.3,8,11,72.7,1,6,7,2,0,1,2,3,18,45.4
Shai Gilgeous-Alexander,OKC,OKC vs. DET,10/30/2023,W,33,32,11,23,47.8,1,3,33.3,9,9,100,1,8,9,4,3,0,5,2,17,52.8
Jayson Tatum,BOS,BOS @ WAS,10/30/2023,W,28,33,14,21,66.7,4,9,44.4,1,1,100,0,6,6,3,0,0,2,2,27,42.7
Wendell Carter Jr.,ORL,ORL @ LAL,10/30/2023,L,35,10,4,8,50,1,3,33.3,1,2,50,2,6,8,1,0,1,0,4,2,24.1
Trae Young,ATL,ATL vs. MIN,10/30/2023,W,35,24,9,22,40.9,1,7,14.3,5,5,100,0,1,1,8,1,0,1,1,4,39.2
Kevin Durant,PHX,PHX vs. SAS,10/31/2023,L,37,26,12,19,63.2,1,3,33.3,1,2,50,0,2,2,7,2,0,5,0,3,39.9
Jalen Brunson,NYK,NYK @ CLE,10/31/2023,W,34,19,7,16,43.8,1,3,33.3,4,5,80,0,5,5,2,2,0,5,1,21,29
Victor Wembanyama,SAS,SAS @ PHX,10/31/2023,W,28,18,6,12,50,2,6,33.3,4,5,80,3,5,8,1,0,4,5,3,-3,36.1
Wendell Carter Jr.,ORL,ORL @ LAC,10/31/2023,L,30,7,2,8,25,0,2,0,3,6,50,1,7,8,3,1,0,2,2,-16,22.1
LeBron James,LAL,LAL vs. LAC,11/01/2023,W,42,35,13,19,68.4,4,8,50,5,10,50,0,12,12,7,1,2,4,3,6,64.9
Stephen Curry,GSW,GSW vs. SAC,11/01/2023,W,32,21,7,15,46.7,4,10,40,3,3,100,1,4,5,3,0,0,7,3,-6,24.5
Anthony Edwards,MIN,MIN vs. DEN,11/01/2023,W,32,24,8,16,50,1,4,25,7,8,87.5,0,2,2,1,2,0,4,1,11,29.9
Giannis Antetokounmpo,MIL,MIL @ TOR,11/01/2023,L,28,16,5,11,45.5,0,0,-,6,9,66.7,3,1,4,2,1,0,3,3,-10,23.8
Shai Gilgeous-Alexander,OKC,OKC vs. NOP,11/01/2023,L,38,20,8,20,40,0,5,0,4,5,80,0,5,5,8,3,0,2,2,1,45
Jayson Tatum,BOS,BOS vs. IND,11/01/2023,W,27,30,9,15,60,3,5,60,9,10,90,2,10,12,4,0,0,2,1,36,48.4
Jalen Brunson,NYK,NYK vs. CLE,11/01/2023,L,39,24,8,23,34.8,0,2,0,8,9,88.9,1,3,4,4,0,0,1,4,-6,33.8
Trae Young,ATL,ATL vs. WAS,11/01/2023,W,35,23,7,18,38.9,1,3,33.3,8,9,88.9,0,3,3,10,2,0,3,1,4,44.6
Tyrese Maxey,PHI,PHI vs. TOR,11/02/2023,W,40,18,7,16,43.8,0,3,0,4,4,100,0,1,1,4,2,0,1,1,6,30.2
Kevin Durant,PHX,PHX vs. SAS,11/02/2023,L,37,28,10,15,66.7,3,5,60,5,9,55.6,0,6,6,1,0,2,3,3,-17,39.7
Victor Wembanyama,SAS,SAS @ PHX,11/02/2023,W,34,38,15,26,57.7,3,6,50,5,6,83.3,2,8,10,2,1,2,2,3,21,60
Wendell Carter Jr.,ORL,ORL @ UTA,11/02/2023,W,29,14,5,12,41.7,3,6,50,1,2,50,2,8,10,2,0,1,2,4,2,30
Joel Embiid,PHI,PHI vs. TOR,11/02/2023,W,35,28,8,22,36.4,0,2,0,12,13,92.3,5,8,13,7,0,1,4,2,22,53.1
Stephen Curry,GSW,GSW @ OKC,11/03/2023,W,31,30,9,15,60,5,10,50,7,7,100,3,5,8,7,2,0,3,1,5,53.1
Giannis Antetokounmpo,MIL,MIL vs. NYK,11/03/2023,W,36,22,6,10,60,3,3,100,7,13,53.8,1,7,8,6,0,1,7,3,13,36.6
Jalen Brunson,NYK,NYK @ MIL,11/03/2023,L,42,45,17,30,56.7,2,8,25,9,11,81.8,2,3,5,4,1,0,4,3,2,56
LeBron James,LAL,LAL @ ORL,11/04/2023,L,35,24,8,15,53.3,2,5,40,6,7,85.7,1,8,9,5,3,0,3,1,12,48.3
Tyrese Maxey,PHI,PHI vs. PHX,11/04/2023,W,36,22,9,18,50,2,6,33.3,2,2,100,2,3,5,10,0,1,3,0,25,43
Anthony Edwards,MIN,MIN vs. UTA,11/04/2023,W,36,31,13,19,68.4,2,4,50,3,5,60,0,8,8,6,1,0,6,0,27,46.6
Kevin Durant,PHX,PHX @ PHI,11/04/2023,L,36,31,9,20,45,1,4,25,12,14,85.7,1,7,8,3,1,2,5,1,-13,49.1
Jayson Tatum,BOS,BOS @ BKN,11/04/2023,W,41,32,10,20,50,6,10,60,6,6,100,1,10,11,1,0,0,3,1,18,43.7
Joel Embiid,PHI,PHI vs. PHX,11/04/2023,W,31,26,9,18,50,3,3,100,5,5,100,3,8,11,3,0,1,4,2,4,42.7
Trae Young,ATL,ATL @ NOP,11/04/2023,W,39,22,7,15,46.7,3,7,42.9,5,6,83.3,3,2,5,12,1,0,5,3,18,44
Stephen Curry,GSW,GSW @ CLE,11/05/2023,L,31,28,8,16,50,7,11,63.6,5,6,83.3,0,2,2,4,1,0,6,0,-6,33.4
Kevin Durant,PHX,PHX @ DET,11/05/2023,W,35,41,14,27,51.9,1,3,33.3,12,12,100,0,4,4,5,1,2,3,1,7,59.3
Victor Wembanyama,SAS,SAS vs. TOR,11/05/2023,L,38,20,7,16,43.8,2,7,28.6,4,5,80,2,7,9,4,1,5,2,1,-16,52.8
LeBron James,LAL,LAL @ MIA,11/06/2023,L,37,30,13,23,56.5,0,4,0,4,4,100,0,4,4,3,1,3,5,4,6,46.3
Stephen Curry,GSW,GSW @ DET,11/06/2023,W,33,34,12,26,46.2,7,17,41.2,3,4,75,0,2,2,4,0,0,3,1,17,39.4
James Harden,LAC,LAC @ NYK,11/06/2023,L,31,17,6,9,66.7,2,4,50,3,3,100,0,3,3,6,1,0,2,2,-18,30.6
Tyrese Maxey,PHI,PHI vs. WAS,11/06/2023,W,32,22,9,16,56.3,3,9,33.3,1,1,100,0,1,1,11,1,1,0,2,9,45.7
Anthony Edwards,MIN,MIN vs. BOS,11/06/2023,W,38,38,15,25,60,2,8,25,6,7,85.7,0,9,9,7,1,0,3,5,18,59.3
Giannis Antetokounmpo,MIL,MIL @ BKN,11/06/2023,W,35,36,15,27,55.6,1,7,14.3,5,6,83.3,2,10,12,3,1,2,3,1,15,60.9
Shai Gilgeous-Alexander,OKC,OKC vs. ATL,11/06/2023,W,37,30,11,20,55,3,7,42.9,5,6,83.3,1,7,8,6,1,0,2,5,14,49.6
Jayson Tatum,BOS,BOS @ MIN,11/06/2023,L,43,32,12,22,54.5,2,8,25,6,8,75,0,5,5,2,5,0,6,2,3,50
Jalen Brunson,NYK,NYK vs. LAC,11/06/2023,W,35,7,2,12,16.7,1,3,33.3,2,2,100,2,1,3,6,3,0,4,1,-1,24.6
Victor Wembanyama,SAS,SAS @ IND,11/06/2023,L,21,13,3,12,25,2,5,40,5,6,83.3,1,9,10,0,1,2,2,1,-9,32
Joel Embiid,PHI,PHI vs. WAS,11/06/2023,W,31,48,17,25,68,0,2,0,14,14,100,2,9,11,6,1,1,1,2,15,75.2
Trae Young,ATL,ATL @ OKC,11/06/2023,L,36,22,5,18,27.8,1,5,20,11,11,100,1,3,4,11,1,0,7,1,-18,39.3
LeBron James,LAL,LAL @ HOU,11/08/2023,L,27,18,7,13,53.8,0,2,0,4,5,80,1,5,6,2,0,0,3,1,-24,25.2
Stephen Curry,GSW,GSW @ DEN,11/08/2023,L,34,23,6,17,35.3,6,13,46.2,5,5,100,1,4,5,4,1,0,3,2,-10,35
James Harden,LAC,LAC @ BKN,11/08/2023,L,36,12,4,9,44.4,2,5,40,2,2,100,0,8,8,5,2,0,5,0,-15,30.1
Tyrese Maxey,PHI,PHI vs. BOS,11/08/2023,W,39,25,11,27,40.7,3,11,27.3,0,1,0,1,8,9,5,1,2,1,4,-3,51.3
Anthony Edwards,MIN,MIN vs. NOP,11/08/2023,W,33,26,10,22,45.5,2,8,25,4,5,80,0,3,3,8,3,2,3,1,35,53.6
Giannis Antetokounmpo,MIL,MIL vs. DET,11/08/2023,W,22,15,6,16,37.5,0,2,0,3,6,50,0,9,9,5,0,3,1,1,5,41.3
Shai Gilgeous-Alexander,OKC,OKC vs. CLE,11/08/2023,W,38,43,15,22,68.2,1,2,50,12,13,92.3,2,5,7,6,2,1,3,3,10,66.4
Kevin Durant,PHX,PHX @ CHI,11/08/2023,W,42,25,7,16,43.8,2,5,40,9,9,100,1,6,7,9,2,1,6,2,5,49.9
Jayson Tatum,BOS,BOS @ PHI,11/08/2023,L,37,16,6,14,42.9,2,6,33.3,2,3,66.7,1,14,15,6,3,0,2,2,-1,50
Jalen Brunson,NYK,NYK vs. SAS,11/08/2023,W,33,25,8,19,42.1,5,8,62.5,4,4,100,0,2,2,6,0,0,0,2,27,36.4
Victor Wembanyama,SAS,SAS @ NYK,11/08/2023,L,30,14,4,14,28.6,0,4,0,6,6,100,4,5,9,2,0,1,3,2,-25,27.8
Joel Embiid,PHI,PHI vs. BOS,11/08/2023,W,37,27,10,20,50,1,4,25,6,6,100,1,9,10,4,1,4,6,3,4,54
Giannis Antetokounmpo,MIL,MIL @ IND,11/09/2023,L,36,54,19,25,76,0,1,0,16,18,88.9,2,10,12,3,0,0,8,4,6,64.9
Trae Young,ATL,ATL @ ORL,11/09/2023,W,34,41,12,27,44.4,5,15,33.3,12,13,92.3,2,2,4,8,3,0,3,1,1,63.8
LeBron James,LAL,LAL @ PHX,11/10/2023,W,36,32,11,17,64.7,3,4,75,7,11,63.6,1,10,11,6,1,1,4,1,2,56.2
James Harden,LAC,LAC @ DAL,11/10/2023,L,29,14,3,6,50,2,3,66.7,6,6,100,0,5,5,3,2,0,2,0,-6,28.5
Tyrese Maxey,PHI,PHI @ DET,11/10/2023,W,39,29,9,19,47.4,2,7,28.6,9,9,100,0,6,6,11,3,1,0,3,17,64.7
Anthony Edwards,MIN,MIN @ SAS,11/10/2023,W,37,28,9,21,42.9,2,8,25,8,11,72.7,2,5,7,5,2,1,4,1,3,48.9
Shai Gilgeous-Alexander,OKC,OKC @ SAC,11/10/2023,L,38,33,14,25,56,0,2,0,5,6,83.3,0,7,7,5,2,2,2,1,-3,58.9
Kevin Durant,PHX,PHX vs. LAL,11/10/2023,L,39,38,13,27,48.1,4,6,66.7,8,10,80,1,8,9,5,0,0,4,4,8,52.3
Jayson Tatum,BOS,BOS vs. BKN,11/10/2023,W,33,23,6,17,35.3,4,11,36.4,7,9,77.8,1,9,10,3,0,0,2,1,28,37.5
Victor Wembanyama,SAS,SAS vs. MIN,11/10/2023,L,35,29,12,21,57.1,3,7,42.9,2,4,50,1,8,9,4,1,4,3,5,3,57.8
Joel Embiid,PHI,PHI @ DET,11/10/2023,W,36,33,8,21,38.1,1,4,25,16,19,84.2,7,9,16,3,0,2,5,3,1,57.7
Stephen Curry,GSW,GSW vs. CLE,11/11/2023,L,33,30,9,24,37.5,4,14,28.6,8,8,100,1,2,3,2,1,1,4,1,-8,38.6
Giannis Antetokounmpo,MIL,MIL @ ORL,11/11/2023,L,37,35,15,22,68.2,0,1,0,5,12,41.7,2,8,10,7,4,2,6,4,-11,69.5
Jayson Tatum,BOS,BOS vs. TOR,11/11/2023,W,34,27,10,18,55.6,3,9,33.3,4,6,66.7,0,5,5,4,0,1,1,2,42,41
Trae Young,ATL,ATL vs. MIA,11/11/2023,L,38,27,7,19,36.8,3,9,33.3,10,11,90.9,0,2,2,11,1,0,5,0,4,43.9
Stephen Curry,GSW,GSW vs. MIN,11/12/2023,L,36,38,11,25,44,5,13,38.5,11,12,91.7,1,4,5,3,1,0,5,2,-4,46.5
James Harden,LAC,LAC vs. MEM,11/12/2023,L,29,11,4,12,33.3,1,7,14.3,2,2,100,2,2,4,3,1,1,1,0,-28,25.3
Tyrese Maxey,PHI,PHI vs. IND,11/12/2023,W,39,50,20,32,62.5,7,11,63.6,3,3,100,3,4,7,5,0,3,2,2,17,72.9
Anthony Edwards,MIN,MIN @ GSW,11/12/2023,W,38,33,11,27,40.7,1,9,11.1,10,10,100,1,5,6,7,2,0,4,0,15,52.7
Shai Gilgeous-Alexander,OKC,OKC @ PHX,11/12/2023,W,37,35,13,22,59.1,2,5,40,7,8,87.5,0,7,7,4,1,1,1,3,7,54.4
Kevin Durant,PHX,PHX vs. OKC,11/12/2023,L,36,28,7,18,38.9,3,5,60,11,11,100,0,9,9,4,1,2,3,1,-13,50.8
Jalen Brunson,NYK,NYK vs. CHA,11/12/2023,W,27,20,7,12,58.3,2,4,50,4,4,100,0,1,1,1,1,0,1,2,13,24.7
Victor Wembanyama,SAS,SAS vs. MIA,11/12/2023,L,34,18,8,22,36.4,2,9,22.2,0,0,-,1,10,11,7,1,1,7,3,5,40.7
Joel Embiid,PHI,PHI vs. IND,11/12/2023,W,33,37,12,26,46.2,1,4,25,12,14,85.7,8,5,13,7,1,1,3,2,-1,66.1
Giannis Antetokounmpo,MIL,MIL vs. CHI,11/13/2023,W,35,35,13,22,59.1,1,3,33.3,8,14,57.1,3,8,11,2,0,0,3,4,13,48.2
Jayson Tatum,BOS,BOS vs. NYK,11/13/2023,W,39,35,13,23,56.5,5,12,41.7,4,5,80,1,5,6,7,1,0,3,5,12,52.7
Jalen Brunson,NYK,NYK @ BOS,11/13/2023,L,39,26,10,21,47.6,3,7,42.9,3,5,60,0,3,3,4,1,0,2,0,-20,36.6
LeBron James,LAL,LAL vs. MEM,11/14/2023,W,23,16,6,11,54.5,3,6,50,1,2,50,0,9,9,6,1,0,4,1,15,34.8
James Harden,LAC,LAC @ DEN,11/14/2023,L,35,21,7,15,46.7,3,8,37.5,4,4,100,0,2,2,4,0,0,1,3,-3,28.4
Tyrese Maxey,PHI,PHI vs. IND,11/14/2023,L,38,27,9,23,39.1,2,5,40,7,7,100,0,4,4,5,0,1,4,2,-6,38.3
Anthony Edwards,MIN,MIN @ GSW,11/14/2023,W,36,20,7,16,43.8,3,6,50,3,5,60,0,4,4,4,3,0,5,1,-9,34.8
Shai Gilgeous-Alexander,OKC,OKC vs. SAS,11/14/2023,W,28,28,10,16,62.5,1,4,25,7,7,100,1,5,6,5,7,0,2,2,25,61.7
Victor Wembanyama,SAS,SAS @ OKC,11/14/2023,L,28,8,4,15,26.7,0,3,0,0,0,-,3,11,14,2,0,2,5,2,-31,28.8
Joel Embiid,PHI,PHI vs. IND,11/14/2023,L,38,39,11,22,50,0,4,0,17,17,100,3,9,12,6,3,0,5,4,-9,66.4
LeBron James,LAL,LAL vs. SAC,11/15/2023,L,35,28,9,15,60,3,7,42.9,7,8,87.5,2,8,10,12,4,1,6,1,0,67
Tyrese Maxey,PHI,PHI vs. BOS,11/15/2023,L,39,20,6,15,40,3,7,42.9,5,5,100,0,3,3,4,0,0,2,3,9,27.6
Anthony Edwards,MIN,MIN @ PHX,11/15/2023,L,31,13,4,16,25,1,3,33.3,4,4,100,1,3,4,4,1,1,1,0,-29,28.8
Kevin Durant,PHX,PHX vs. MIN,11/15/2023,W,35,31,11,15,73.3,2,2,100,7,7,100,0,6,6,6,0,1,2,3,27,48.2
Jayson Tatum,BOS,BOS @ PHI,11/15/2023,W,39,29,10,23,43.5,4,10,40,5,6,83.3,2,6,8,6,2,0,3,1,2,50.6
Jalen Brunson,NYK,NYK @ ATL,11/15/2023,W,41,24,8,19,42.1,6,10,60,2,2,100,0,0,0,8,0,0,3,2,8,33
Joel Embiid,PHI,PHI vs. BOS,11/15/2023,L,34,20,8,16,50,0,2,0,4,4,100,3,6,9,7,1,0,2,3,-25,42.3
Trae Young,ATL,ATL vs. NYK,11/15/2023,L,34,15,4,12,33.3,0,4,0,7,9,77.8,0,1,1,17,2,0,3,0,1,44.7
Shai Gilgeous-Alexander,OKC,OKC @ GSW,11/16/2023,W,29,24,6,21,28.6,3,7,42.9,9,9,100,1,1,2,7,3,1,2,4,12,46.9
LeBron James,LAL,LAL @ POR,11/17/2023,W,35,35,13,22,59.1,5,9,55.6,4,6,66.7,0,5,5,9,2,0,3,3,19,57.5
James Harden,LAC,LAC vs. HOU,11/17/2023,W,34,24,8,11,72.7,2,4,50,6,7,85.7,1,8,9,7,0,1,3,1,21,45.3
Tyrese Maxey,PHI,PHI @ ATL,11/17/2023,W,40,19,5,13,38.5,3,6,50,6,6,100,0,4,4,8,2,0,2,1,1,39.8
Giannis Antetokounmpo,MIL,MIL @ CHA,11/17/2023,W,28,16,6,10,60,0,0,-,4,7,57.1,0,8,8,9,1,0,4,5,6,38.1
Kevin Durant,PHX,PHX @ UTA,11/17/2023,W,33,38,15,22,68.2,6,8,75,2,2,100,0,9,9,9,0,0,1,1,-8,61.3
Jayson Tatum,BOS,BOS @ TOR,11/17/2023,W,37,17,8,22,36.4,1,11,9.1,0,0,-,1,6,7,2,1,0,3,3,-4,28.4
Jalen Brunson,NYK,NYK @ WAS,11/17/2023,W,34,32,10,23,43.5,6,10,60,6,6,100,3,4,7,7,0,0,0,2,18,50.9
Victor Wembanyama,SAS,SAS vs. SAC,11/17/2023,L,30,27,12,26,46.2,2,8,25,1,1,100,1,8,9,0,2,0,4,3,-31,39.8
Joel Embiid,PHI,PHI @ ATL,11/17/2023,W,37,32,10,19,52.6,1,3,33.3,11,11,100,2,5,7,8,2,0,4,3,16,54.4
Trae Young,ATL,ATL vs. PHI,11/17/2023,L,37,22,5,14,35.7,2,6,33.3,10,10,100,0,2,2,13,1,0,4,3,12,42.9
Stephen Curry,GSW,GSW vs. OKC,11/18/2023,L,40,25,8,21,38.1,5,11,45.5,4,4,100,0,7,7,3,0,0,2,2,0,35.9
Anthony Edwards,MIN,MIN @ NOP,11/18/2023,W,30,23,9,19,47.4,5,10,50,0,0,-,0,3,3,4,0,0,3,6,13,29.6
Giannis Antetokounmpo,MIL,MIL vs. DAL,11/18/2023,W,38,40,18,26,69.2,1,3,33.3,3,5,60,2,13,15,7,2,1,3,3,-7,74.5
Shai Gilgeous-Alexander,OKC,OKC @ GSW,11/18/2023,W,41,40,18,29,62.1,2,3,66.7,2,2,100,1,6,7,6,2,2,3,1,7,66.4
Jalen Brunson,NYK,NYK @ CHA,11/18/2023,W,39,32,12,21,57.1,4,8,50,4,4,100,0,4,4,7,0,0,2,2,15,45.3
Victor Wembanyama,SAS,SAS vs. MEM,11/18/2023,L,31,19,6,17,35.3,2,6,33.3,5,6,83.3,4,9,13,4,1,8,2,5,-6,65.6
LeBron James,LAL,LAL vs. HOU,11/19/2023,W,40,37,14,19,73.7,2,5,40,7,9,77.8,1,5,6,8,3,0,2,0,2,63.2
Tyrese Maxey,PHI,PHI @ BKN,11/19/2023,W,36,25,8,20,40,6,11,54.5,3,3,100,1,1,2,10,0,0,1,0,21,41.4
Shai Gilgeous-Alexander,OKC,OKC @ POR,11/19/2023,W,23,28,10,13,76.9,1,1,100,7,7,100,0,3,3,4,1,0,3,2,26,37.6
Kevin Durant,PHX,PHX @ UTA,11/19/2023,W,46,39,14,27,51.9,4,9,44.4,7,7,100,0,8,8,10,2,2,7,2,4,68.6
Jayson Tatum,BOS,BOS @ MEM,11/19/2023,W,35,20,7,13,53.8,1,1,100,5,6,83.3,2,7,9,5,1,1,8,4,-1,36.3
Joel Embiid,PHI,PHI @ BKN,11/19/2023,W,31,32,11,24,45.8,1,2,50,9,10,90,2,10,12,9,0,1,1,3,25,61.9
Stephen Curry,GSW,GSW vs. HOU,11/20/2023,W,35,32,8,14,57.1,5,9,55.6,11,12,91.7,0,5,5,1,0,0,4,2,-3,35.5
James Harden,LAC,LAC @ SAS,11/20/2023,W,28,13,4,12,33.3,2,8,25,3,3,100,1,2,3,10,2,0,0,2,17,37.6
Anthony Edwards,MIN,MIN vs. NYK,11/20/2023,W,39,23,9,21,42.9,1,6,16.7,4,4,100,2,8,10,5,2,0,3,1,9,45.5
Giannis Antetokounmpo,MIL,MIL @ WAS,11/20/2023,W,34,42,20,23,87,0,0,-,2,6,33.3,6,7,13,8,1,1,5,2,10,70.6
Jayson Tatum,BOS,BOS @ CHA,11/20/2023,L,44,45,15,28,53.6,7,15,46.7,8,10,80,0,13,13,6,0,2,3,1,-5,72.6
Jalen Brunson,NYK,NYK @ MIN,11/20/2023,L,36,25,7,15,46.7,3,6,50,8,8,100,0,4,4,6,0,0,1,2,-16,37.8
Victor Wembanyama,SAS,SAS vs. LAC,11/20/2023,L,27,9,4,12,33.3,0,4,0,1,1,100,0,3,3,4,0,2,1,1,-17,23.6
LeBron James,LAL,LAL vs. UTA,11/21/2023,W,24,17,6,10,60,3,5,60,2,2,100,1,6,7,9,0,0,2,0,14,36.9
Tyrese Maxey,PHI,PHI vs. CLE,11/21/2023,L,47,30,11,28,39.3,3,12,25,5,7,71.4,0,4,4,6,1,0,1,2,-8,45.8
Kevin Durant,PHX,PHX vs. POR,11/21/2023,W,37,31,13,21,61.9,2,2,100,3,3,100,0,4,4,9,0,1,3,4,20,49.3
Joel Embiid,PHI,PHI vs. CLE,11/21/2023,L,41,32,9,21,42.9,1,3,33.3,13,16,81.3,3,10,13,5,2,5,6,6,3,70.1
Trae Young,ATL,ATL vs. IND,11/21/2023,L,39,38,13,17,76.5,5,8,62.5,7,8,87.5,0,1,1,8,3,0,3,3,-2,57.2
LeBron James,LAL,LAL vs. DAL,11/22/2023,L,36,26,9,19,47.4,4,9,44.4,4,7,57.1,2,7,9,7,0,0,3,0,7,44.3
Stephen Curry,GSW,GSW @ PHX,11/22/2023,L,28,16,6,15,40,1,8,12.5,3,3,100,0,3,3,6,0,0,2,2,-17,26.6
James Harden,LAC,LAC @ SAS,11/22/2023,W,36,16,3,7,42.9,2,4,50,8,12,66.7,0,6,6,9,1,1,4,3,-2,38.7
Tyrese Maxey,PHI,PHI @ MIN,11/22/2023,L,34,16,7,19,36.8,0,5,0,2,4,50,2,3,5,8,0,1,3,0,-18,34
Anthony Edwards,MIN,MIN vs. PHI,11/22/2023,W,36,31,11,22,50,5,9,55.6,4,4,100,2,4,6,6,2,0,2,2,19,51.2
Giannis Antetokounmpo,MIL,MIL @ BOS,11/22/2023,L,37,21,7,20,35,0,3,0,7,10,70,3,10,13,5,2,0,3,4,6,47.1
Shai Gilgeous-Alexander,OKC,OKC vs. CHI,11/22/2023,W,37,40,11,19,57.9,1,3,33.3,17,18,94.4,1,4,5,12,1,3,2,2,16,74
Kevin Durant,PHX,PHX vs. GSW,11/22/2023,W,34,32,7,14,50,3,4,75,15,15,100,0,8,8,2,0,2,6,2,5,44.6
Jayson Tatum,BOS,BOS vs. MIL,11/22/2023,W,36,23,7,17,41.2,2,9,22.2,7,9,77.8,0,11,11,4,0,1,2,2,-2,43.2
Victor Wembanyama,SAS,SAS vs. LAC,11/22/2023,L,33,22,7,13,53.8,1,2,50,7,7,100,2,13,15,3,1,3,2,2,-3,54.5
Trae Young,ATL,ATL vs. BKN,11/22/2023,W,40,43,12,31,38.7,8,16,50,11,13,84.6,2,2,4,9,2,0,4,0,-11,63.3
Stephen Curry,GSW,GSW vs. SAS,11/24/2023,W,35,35,11,20,55,7,14,50,6,6,100,0,3,3,6,1,0,6,2,4,44.6
James Harden,LAC,LAC vs. NOP,11/24/2023,L,37,8,2,8,25,1,6,16.7,3,6,50,0,5,5,10,4,1,3,3,-6,41
Anthony Edwards,MIN,MIN vs. SAC,11/24/2023,L,40,35,8,21,38.1,2,9,22.2,17,18,94.4,0,7,7,5,2,2,4,2,5,58.9
Giannis Antetokounmpo,MIL,MIL vs. WAS,11/24/2023,W,37,31,11,19,57.9,0,0,-,9,12,75,3,6,9,3,3,1,3,2,-10,55.3
Jayson Tatum,BOS,BOS @ ORL,11/24/2023,L,39,26,7,16,43.8,0,3,0,12,13,92.3,0,5,5,3,2,0,2,3,-21,40.5
Jalen Brunson,NYK,NYK vs. MIA,11/24/2023,W,34,24,10,16,62.5,1,4,25,3,5,60,0,3,3,3,0,0,2,1,-6,30.1
Victor Wembanyama,SAS,SAS @ GSW,11/24/2023,L,35,22,8,18,44.4,1,6,16.7,5,5,100,2,7,9,4,1,2,6,2,2,41.8
LeBron James,LAL,LAL @ CLE,11/25/2023,W,36,22,8,23,34.8,1,9,11.1,5,7,71.4,1,5,6,6,2,2,4,1,2,46.2
James Harden,LAC,LAC vs. DAL,11/25/2023,W,28,8,2,8,25,2,6,33.3,2,2,100,0,4,4,7,1,2,2,1,14,30.3
Tyrese Maxey,PHI,PHI @ OKC,11/25/2023,W,41,28,8,17,47.1,3,9,33.3,9,11,81.8,1,7,8,3,0,1,1,5,6,44.1
Shai Gilgeous-Alexander,OKC,OKC vs. PHI,11/25/2023,L,36,31,10,21,47.6,1,2,50,10,10,100,3,3,6,5,2,0,1,3,1,50.7
Joel Embiid,PHI,PHI @ OKC,11/25/2023,W,37,35,8,18,44.4,0,4,0,19,21,90.5,4,7,11,9,1,4,4,5,7,72.7
Trae Young,ATL,ATL @ WAS,11/25/2023,W,30,26,9,17,52.9,5,8,62.5,3,3,100,0,6,6,10,2,0,2,1,40,52.2
Anthony Edwards,MIN,MIN @ MEM,11/26/2023,W,34,24,8,14,57.1,1,4,25,7,7,100,0,5,5,7,0,1,2,3,23,41.5
Giannis Antetokounmpo,MIL,MIL vs. POR,11/26/2023,W,39,33,11,21,52.4,0,1,0,11,18,61.1,6,10,16,6,1,3,4,5,9,69.2
Jayson Tatum,BOS,BOS vs. ATL,11/26/2023,W,39,34,11,25,44,5,13,38.5,7,10,70,1,8,9,4,2,0,6,2,3,50.8
Jalen Brunson,NYK,NYK vs. PHX,11/26/2023,L,38,35,15,25,60,5,10,50,0,2,0,0,6,6,8,3,1,2,5,5,64.2
Victor Wembanyama,SAS,SAS @ DEN,11/26/2023,L,25,22,7,17,41.2,2,5,40,6,7,85.7,4,7,11,2,6,4,3,4,-10,65.2
Trae Young,ATL,ATL @ BOS,11/26/2023,L,37,33,12,27,44.4,6,16,37.5,3,6,50,1,4,5,7,0,0,5,3,-11,44.5
LeBron James,LAL,LAL @ PHI,11/27/2023,L,30,18,8,12,66.7,1,1,100,1,2,50,0,0,0,5,1,1,1,0,-30,30.5
James Harden,LAC,LAC vs. DEN,11/27/2023,L,36,11,3,7,42.9,3,5,60,2,2,100,0,2,2,4,1,0,3,3,6,19.4
Tyrese Maxey,PHI,PHI vs. LAL,11/27/2023,W,36,31,9,20,45,5,12,41.7,8,9,88.9,0,3,3,8,1,0,0,2,25,49.6
Joel Embiid,PHI,PHI vs. LAL,11/27/2023,W,31,30,9,15,60,2,3,66.7,10,12,83.3,4,7,11,11,1,1,3,2,11,62.7
Stephen Curry,GSW,GSW @ SAC,11/28/2023,L,37,29,8,20,40,4,12,33.3,9,9,100,3,7,10,6,0,1,5,5,7,48
Anthony Edwards,MIN,MIN vs. OKC,11/28/2023,W,28,21,7,16,43.8,3,6,50,4,6,66.7,0,5,5,1,0,1,2,2,0,29.5
Giannis Antetokounmpo,MIL,MIL @ MIA,11/28/2023,W,40,33,11,16,68.8,1,2,50,10,13,76.9,2,8,10,5,3,1,4,3,18,60.5
Shai Gilgeous-Alexander,OKC,OKC @ MIN,11/28/2023,L,34,32,13,22,59.1,0,1,0,6,6,100,1,3,4,4,3,2,3,2,4,54.8
Jayson Tatum,BOS,BOS vs. CHI,11/28/2023,W,36,21,8,16,50,2,8,25,3,3,100,1,6,7,4,0,0,4,2,18,31.4
Jalen Brunson,NYK,NYK vs. CHA,11/28/2023,W,34,12,5,9,55.6,2,5,40,0,1,0,1,2,3,7,3,0,2,3,20,33.1
Trae Young,ATL,ATL @ CLE,11/28/2023,L,32,13,3,14,21.4,2,8,25,5,6,83.3,0,1,1,10,1,0,3,3,-27,29.2
LeBron James,LAL,LAL @ DET,11/29/2023,W,29,25,9,19,47.4,2,6,33.3,5,5,100,2,6,8,3,0,0,1,0,26,38.1
James Harden,LAC,LAC @ SAC,11/29/2023,W,39,26,8,14,57.1,5,8,62.5,5,5,100,1,2,3,6,5,0,2,4,19,51.6
Tyrese Maxey,PHI,PHI @ NOP,11/29/2023,L,38,33,13,25,52,3,10,30,4,4,100,0,1,1,3,2,0,4,2,-11,40.7
Kevin Durant,PHX,PHX @ TOR,11/29/2023,L,36,30,11,30,36.7,2,8,25,6,6,100,0,4,4,6,1,0,1,1,-1,45.8
LeBron James,LAL,LAL @ OKC,11/30/2023,L,35,21,7,12,58.3,4,8,50,3,4,75,2,10,12,6,1,1,5,1,-18,45.4
Stephen Curry,GSW,GSW vs. LAC,11/30/2023,W,33,26,8,15,53.3,3,9,33.3,7,9,77.8,0,7,7,8,1,1,2,2,-4,50.4
James Harden,LAC,LAC @ GSW,11/30/2023,L,37,18,6,13,46.2,5,10,50,1,2,50,0,3,3,7,1,0,1,3,-1,34.1
Giannis Antetokounmpo,MIL,MIL @ CHI,11/30/2023,L,39,26,11,17,64.7,0,1,0,4,4,100,6,8,14,5,2,5,5,5,-8,66.3
Shai Gilgeous-Alexander,OKC,OKC vs. LAL,11/30/2023,W,35,33,11,18,61.1,1,4,25,10,10,100,0,4,4,7,1,0,0,4,15,51.3
Jalen Brunson,NYK,NYK vs. DET,11/30/2023,W,40,42,13,24,54.2,7,12,58.3,9,10,90,2,4,6,8,1,0,1,3,11,63.2
Victor Wembanyama,SAS,SAS vs. ATL,11/30/2023,L,29,21,9,16,56.3,1,5,20,2,2,100,2,10,12,2,2,4,2,1,0,54.4
Trae Young,ATL,ATL @ SAS,11/30/2023,W,40,45,15,29,51.7,2,9,22.2,13,16,81.3,0,4,4,14,2,0,2,1,-1,74.8
Kevin Durant,PHX,PHX vs. DEN,12/01/2023,L,36,30,8,25,32,1,3,33.3,13,13,100,0,4,4,11,1,3,1,2,-6,62.3
Jayson Tatum,BOS,BOS vs. PHI,12/01/2023,W,27,21,6,9,66.7,2,5,40,7,9,77.8,0,7,7,4,1,1,7,1,-7,34.4
Jalen Brunson,NYK,NYK @ TOR,12/01/2023,W,37,22,9,21,42.9,3,8,37.5,1,1,100,0,5,5,8,1,0,2,2,15,41
LeBron James,LAL,LAL vs. HOU,12/02/2023,W,35,16,7,17,41.2,0,4,0,2,5,40,0,4,4,7,1,1,5,0,16,32.3
Stephen Curry,GSW,GSW @ LAC,12/02/2023,L,37,22,7,18,38.9,4,9,44.4,4,4,100,1,3,4,11,0,0,2,0,2,41.3
James Harden,LAC,LAC vs. GSW,12/02/2023,W,35,21,7,14,50,2,7,28.6,5,5,100,0,5,5,9,1,0,1,4,0,42.5
Giannis Antetokounmpo,MIL,MIL vs. ATL,12/02/2023,W,36,32,14,20,70,0,1,0,4,5,80,2,9,11,10,2,1,5,1,8,64.2
Shai Gilgeous-Alexander,OKC,OKC @ DAL,12/02/2023,W,39,17,6,13,46.2,2,3,66.7,3,4,75,1,2,3,9,5,1,2,4,8,50.1
Kevin Durant,PHX,PHX vs. MEM,12/02/2023,W,33,27,10,14,71.4,2,3,66.7,5,7,71.4,0,2,2,5,1,1,2,1,8,40.9
Trae Young,ATL,ATL @ MIL,12/02/2023,L,37,32,13,28,46.4,5,13,38.5,1,2,50,2,0,2,12,2,0,4,0,-8,54.4
Jayson Tatum,BOS,BOS @ IND,12/04/2023,L,37,32,13,26,50,2,8,25,4,7,57.1,1,11,12,6,1,0,2,2,-14,56.4
LeBron James,LAL,LAL vs. PHX,12/05/2023,W,40,31,12,25,48,2,4,50,5,6,83.3,3,5,8,11,5,0,2,3,12,70.1
Giannis Antetokounmpo,MIL,MIL vs. NYK,12/05/2023,W,34,35,15,22,68.2,1,1,100,4,9,44.4,3,5,8,10,3,0,4,3,19,64.6
Kevin Durant,PHX,PHX @ LAL,12/05/2023,L,39,31,12,17,70.6,4,7,57.1,3,4,75,0,7,7,4,0,1,5,5,6,43.4
Jalen Brunson,NYK,NYK @ MIL,12/05/2023,L,34,24,10,22,45.5,0,5,0,4,7,57.1,0,3,3,6,1,0,3,1,-14,36.6
Stephen Curry,GSW,GSW vs. POR,12/06/2023,W,34,31,8,18,44.4,5,13,38.5,10,11,90.9,0,5,5,1,0,0,4,2,4,34.5
James Harden,LAC,LAC vs. DEN,12/06/2023,W,32,20,6,10,60,2,3,66.7,6,7,85.7,0,1,1,11,3,1,4,0,6,45.7
Tyrese Maxey,PHI,PHI @ WAS,12/06/2023,W,38,26,10,20,50,2,6,33.3,4,4,100,0,1,1,7,1,0,0,2,12,40.7
Anthony Edwards,MIN,MIN vs. SAS,12/06/2023,W,37,17,4,17,23.5,2,5,40,7,8,87.5,1,6,7,6,1,1,3,2,14,37.4
Shai Gilgeous-Alexander,OKC,OKC @ HOU,12/06/2023,L,37,33,13,18,72.2,0,0,-,7,9,77.8,0,3,3,6,6,1,2,4,-6,64.6
Victor Wembanyama,SAS,SAS @ MIN,12/06/2023,L,32,12,4,13,30.8,0,2,0,4,6,66.7,3,7,10,1,1,1,2,1,4,29.5
Joel Embiid,PHI,PHI @ WAS,12/06/2023,W,38,50,19,29,65.5,1,2,50,11,13,84.6,6,7,13,7,1,1,6,2,8,76.1
Trae Young,ATL,ATL vs. BKN,12/06/2023,L,37,30,11,24,45.8,3,9,33.3,5,5,100,1,0,1,9,0,2,5,2,3,45.7
LeBron James,LAL,LAL vs. NOP,12/07/2023,W,23,30,9,12,75,4,4,100,8,8,100,0,5,5,8,0,0,0,1,36,48
Giannis Antetokounmpo,MIL,MIL vs. IND,12/07/2023,L,41,37,13,19,68.4,0,1,0,11,13,84.6,1,9,10,2,0,2,1,3,-5,57
Stephen Curry,GSW,GSW @ OKC,12/08/2023,L,40,34,10,20,50,6,12,50,8,8,100,0,6,6,3,1,0,3,0,-5,45.7
James Harden,LAC,LAC @ UTA,12/08/2023,W,34,12,2,8,25,2,6,33.3,6,7,85.7,0,7,7,8,0,1,2,2,18,33.4
Tyrese Maxey,PHI,PHI vs. ATL,12/08/2023,W,39,30,8,18,44.4,4,8,50,10,12,83.3,0,2,2,7,1,1,0,3,-1,48.9
Anthony Edwards,MIN,MIN @ MEM,12/08/2023,W,4,0,0,1,0,0,0,-,0,0,-,0,0,0,1,0,0,0,0,-3,1.5
Shai Gilgeous-Alexander,OKC,OKC vs. GSW,12/08/2023,W,42,38,15,30,50,0,3,0,8,11,72.7,3,2,5,5,5,1,0,4,11,69.5
Jayson Tatum,BOS,BOS vs. NYK,12/08/2023,W,39,25,8,18,44.4,3,9,33.3,6,8,75,0,6,6,5,1,0,0,3,17,42.7
Jalen Brunson,NYK,NYK @ BOS,12/08/2023,L,34,23,8,17,47.1,0,5,0,7,9,77.8,0,1,1,4,1,0,1,3,-21,32.2
Victor Wembanyama,SAS,SAS vs. CHI,12/08/2023,L,32,21,8,20,40,0,4,0,5,6,83.3,7,13,20,4,1,4,1,2,-22,65
Joel Embiid,PHI,PHI vs. ATL,12/08/2023,W,36,38,12,24,50,1,3,33.3,13,15,86.7,4,10,14,3,1,4,2,1,16,72.3
James Harden,LAC,LAC vs. POR,12/11/2023,W,37,20,7,14,50,3,6,50,3,3,100,0,7,7,7,1,2,3,2,3,44.9
Tyrese Maxey,PHI,PHI vs. WAS,12/11/2023,W,25,24,8,13,61.5,5,9,55.6,3,3,100,0,1,1,6,0,0,2,1,26,32.2
Giannis Antetokounmpo,MIL,MIL vs. CHI,12/11/2023,W,41,32,9,13,69.2,0,0,-,14,18,77.8,1,11,12,6,2,0,2,2,13,59.4
Shai Gilgeous-Alexander,OKC,OKC vs. UTA,12/11/2023,W,28,30,12,17,70.6,0,1,0,6,6,100,1,3,4,7,3,0,1,1,35,53.3
Jalen Brunson,NYK,NYK vs. TOR,12/11/2023,W,38,21,7,12,58.3,3,5,60,4,6,66.7,0,2,2,9,1,0,7,5,1,32.9
Victor Wembanyama,SAS,SAS @ HOU,12/11/2023,L,33,15,7,15,46.7,1,6,16.7,0,1,0,2,16,18,3,0,5,5,3,-12,51.1
Joel Embiid,PHI,PHI vs. WAS,12/11/2023,W,30,34,14,20,70,2,5,40,4,4,100,0,11,11,6,2,1,7,4,30,58.2
Trae Young,ATL,ATL vs. DEN,12/11/2023,L,26,19,5,12,41.7,2,5,40,7,7,100,0,1,1,9,1,0,5,2,-10,31.7
LeBron James,LAL,LAL @ DAL,12/12/2023,L,40,33,14,27,51.9,3,8,37.5,2,3,66.7,2,6,8,9,3,1,4,1,-4,64.1
Stephen Curry,GSW,GSW @ PHX,12/12/2023,L,32,24,8,24,33.3,4,15,26.7,4,4,100,0,5,5,4,3,0,1,2,-15,44
James Harden,LAC,LAC vs. SAC,12/12/2023,W,28,15,4,9,44.4,0,4,0,7,7,100,0,6,6,7,2,0,2,3,26,36.7
Jayson Tatum,BOS,BOS vs. CLE,12/12/2023,W,41,25,7,19,36.8,2,9,22.2,9,9,100,0,10,10,5,0,2,4,3,9,46.5
Tyrese Maxey,PHI,PHI @ DET,12/13/2023,W,33,9,2,13,15.4,0,6,0,5,6,83.3,1,3,4,9,0,0,1,1,22,26.3
Giannis Antetokounmpo,MIL,MIL vs. IND,12/13/2023,W,37,64,20,28,71.4,0,3,0,24,32,75,3,11,14,3,4,1,4,1,29,96.3
Kevin Durant,PHX,PHX vs. BKN,12/13/2023,L,38,27,9,18,50,1,5,20,8,10,80,1,5,6,4,1,2,2,3,0,47.2
Jalen Brunson,NYK,NYK @ UTA,12/13/2023,L,39,23,6,19,31.6,0,6,0,11,16,68.8,2,5,7,8,2,0,3,4,9,46.4
Victor Wembanyama,SAS,SAS vs. LAL,12/13/2023,L,32,30,11,21,52.4,4,5,80,4,7,57.1,4,9,13,2,3,6,5,6,-5,70.6
Joel Embiid,PHI,PHI @ DET,12/13/2023,W,31,41,14,24,58.3,1,3,33.3,12,12,100,4,7,11,5,2,0,2,1,27,65.7
Trae Young,ATL,ATL @ TOR,12/13/2023,L,39,35,13,27,48.1,4,9,44.4,5,6,83.3,0,4,4,17,0,1,5,3,0,63.3
Stephen Curry,GSW,GSW @ LAC,12/14/2023,L,34,17,5,17,29.4,3,13,23.1,4,4,100,0,4,4,4,0,0,1,3,-3,26.8
James Harden,LAC,LAC vs. GSW,12/14/2023,W,42,28,6,12,50,5,6,83.3,11,12,91.7,2,5,7,15,1,4,4,3,12,69.9
Anthony Edwards,MIN,MIN @ DAL,12/14/2023,W,35,9,3,19,15.8,0,3,0,3,6,50,1,1,2,11,2,0,5,2,20,28.9
Shai Gilgeous-Alexander,OKC,OKC @ SAC,12/14/2023,L,38,43,13,27,48.1,1,5,20,16,18,88.9,2,4,6,9,2,0,3,2,3,66.7
Jayson Tatum,BOS,BOS vs. CLE,12/14/2023,W,36,27,9,22,40.9,3,10,30,6,8,75,3,8,11,3,0,3,3,1,2,50.7
LeBron James,LAL,LAL @ SAS,12/15/2023,L,36,23,7,17,41.2,2,6,33.3,7,10,70,2,5,7,14,2,0,2,1,-28,56.4
Tyrese Maxey,PHI,PHI vs. DET,12/15/2023,W,27,19,7,16,43.8,1,6,16.7,4,5,80,0,1,1,4,2,0,1,1,37,31.2
Kevin Durant,PHX,PHX vs. NYK,12/15/2023,L,36,29,10,21,47.6,4,9,44.4,5,7,71.4,0,3,3,6,0,0,0,1,-7,41.6
Jayson Tatum,BOS,BOS vs. ORL,12/15/2023,W,39,30,11,22,50,2,9,22.2,6,9,66.7,0,6,6,4,0,0,2,3,14,41.2
Jalen Brunson,NYK,NYK @ PHX,12/15/2023,W,35,50,17,23,73.9,9,9,100,7,9,77.8,1,5,6,9,5,0,2,0,7,83.7
Victor Wembanyama,SAS,SAS vs. LAL,12/15/2023,W,31,13,5,13,38.5,1,2,50,2,3,66.7,3,12,15,5,2,2,2,3,19,48.5
Joel Embiid,PHI,PHI vs. DET,12/15/2023,W,29,35,9,19,47.4,2,3,66.7,15,16,93.8,0,13,13,2,2,4,4,2,28,67.6
Trae Young,ATL,ATL @ TOR,12/15/2023,W,36,38,15,29,51.7,7,15,46.7,1,2,50,1,4,5,11,1,0,8,2,14,55.5
Stephen Curry,GSW,GSW vs. BKN,12/16/2023,W,35,37,14,22,63.6,6,8,75,3,3,100,0,3,3,1,0,3,3,1,7,48.1
James Harden,LAC,LAC vs. NYK,12/16/2023,W,28,10,2,6,33.3,1,4,25,5,7,71.4,0,4,4,12,1,2,1,3,22,40.8
Tyrese Maxey,PHI,PHI @ CHA,12/16/2023,W,33,21,8,13,61.5,5,8,62.5,0,0,-,0,2,2,7,2,1,0,1,43,42.9
Giannis Antetokounmpo,MIL,MIL vs. DET,12/16/2023,W,26,22,7,9,77.8,0,0,-,8,13,61.5,1,7,8,6,1,0,0,1,22,43.6
Anthony Edwards,MIN,MIN vs. IND,12/16/2023,W,34,37,14,23,60.9,7,10,70,2,2,100,0,2,2,4,3,0,4,3,17,50.4
Shai Gilgeous-Alexander,OKC,OKC @ DEN,12/16/2023,W,37,25,9,20,45,0,2,0,7,8,87.5,0,6,6,8,2,0,2,1,3,48.2
Jalen Brunson,NYK,NYK @ LAC,12/16/2023,L,34,22,7,17,41.2,2,5,40,6,6,100,2,5,7,6,0,0,2,2,-25,37.4
Joel Embiid,PHI,PHI @ CHA,12/16/2023,W,30,42,18,23,78.3,0,1,0,6,6,100,0,15,15,3,1,2,4,2,36,69.5
Trae Young,ATL,ATL @ CLE,12/16/2023,L,38,35,11,21,52.4,7,12,58.3,6,6,100,0,4,4,10,0,1,5,3,-9,52.8
Stephen Curry,GSW,GSW @ POR,12/17/2023,W,31,7,2,12,16.7,0,8,0,3,4,75,0,2,2,8,1,1,4,1,14,23.4
Giannis Antetokounmpo,MIL,MIL vs. HOU,12/17/2023,W,39,26,10,22,45.5,1,3,33.3,5,11,45.5,6,11,17,3,0,0,6,3,11,44.9
Kevin Durant,PHX,PHX vs. WAS,12/17/2023,W,35,28,11,24,45.8,0,2,0,6,9,66.7,3,2,5,5,1,1,2,1,-2,45.5
Jayson Tatum,BOS,BOS vs. ORL,12/17/2023,W,31,23,8,21,38.1,4,6,66.7,3,4,75,3,5,8,3,0,1,1,3,9,39.1
Victor Wembanyama,SAS,SAS vs. NOP,12/17/2023,L,31,17,6,13,46.2,2,6,33.3,3,4,75,1,12,13,4,1,4,3,2,-14,50.6
LeBron James,LAL,LAL vs. NYK,12/18/2023,L,39,25,10,23,43.5,2,8,25,3,4,75,1,10,11,11,1,0,2,1,-13,55.7
James Harden,LAC,LAC @ IND,12/18/2023,W,28,35,12,16,75,8,11,72.7,3,3,100,0,3,3,9,1,1,1,2,32,57.1
Tyrese Maxey,PHI,PHI vs. CHI,12/18/2023,L,39,29,9,23,39.1,5,11,45.5,6,6,100,2,3,5,8,1,0,3,3,11,47
Anthony Edwards,MIN,MIN @ MIA,12/18/2023,W,40,32,13,25,52,2,9,22.2,4,4,100,0,8,8,5,3,2,1,1,6,63.1
Shai Gilgeous-Alexander,OKC,OKC vs. MEM,12/18/2023,W,28,30,8,18,44.4,1,3,33.3,13,14,92.9,0,9,9,5,4,0,2,4,30,58.3
Jalen Brunson,NYK,NYK @ LAL,12/18/2023,W,37,29,10,21,47.6,3,6,50,6,6,100,1,3,4,3,1,1,4,0,1,40.3
Joel Embiid,PHI,PHI vs. CHI,12/18/2023,L,37,40,15,28,53.6,2,6,33.3,8,9,88.9,1,13,14,6,0,2,4,5,-5,67.8
Trae Young,ATL,ATL vs. DET,12/18/2023,W,38,31,8,17,47.1,4,11,36.4,11,12,91.7,0,4,4,15,0,0,5,3,16,53.3
Stephen Curry,GSW,GSW vs. BOS,12/19/2023,W,38,33,11,21,52.4,6,11,54.5,5,5,100,0,3,3,6,0,0,4,5,8,41.6
Giannis Antetokounmpo,MIL,MIL vs. SAS,12/19/2023,W,34,11,4,12,33.3,0,2,0,3,6,50,2,12,14,16,2,1,3,1,13,57.8
Kevin Durant,PHX,PHX @ POR,12/19/2023,L,38,40,16,28,57.1,1,3,33.3,7,8,87.5,0,4,4,5,2,0,5,1,8,53.3
Jayson Tatum,BOS,BOS @ GSW,12/19/2023,L,41,15,5,17,29.4,2,9,22.2,3,3,100,3,5,8,7,2,0,0,0,-9,41.1
LeBron James,LAL,LAL @ CHI,12/20/2023,L,37,25,10,18,55.6,1,3,33.3,4,4,100,2,8,10,9,1,2,5,0,-11,54.5
James Harden,LAC,LAC @ DAL,12/20/2023,W,39,17,4,12,33.3,2,8,25,7,8,87.5,0,5,5,11,0,2,4,3,10,41.5
Tyrese Maxey,PHI,PHI vs. MIN,12/20/2023,W,37,35,12,24,50,5,12,41.7,6,6,100,0,1,1,5,0,0,5,4,1,38.7
Anthony Edwards,MIN,MIN @ PHI,12/20/2023,L,36,27,9,20,45,2,6,33.3,7,8,87.5,1,6,7,5,0,0,1,2,-10,41.9
Jalen Brunson,NYK,NYK @ BKN,12/20/2023,W,32,16,6,15,40,1,3,33.3,3,4,75,1,6,7,8,1,0,3,0,18,36.4
Wendell Carter Jr.,ORL,ORL vs. MIA,12/20/2023,L,23,8,3,4,75,1,2,50,1,2,50,1,5,6,1,0,0,0,3,3,16.7
Joel Embiid,PHI,PHI vs. MIN,12/20/2023,W,36,51,17,25,68,0,1,0,17,18,94.4,2,10,12,3,2,1,2,5,3,76.9
Trae Young,ATL,ATL @ HOU,12/20/2023,W,36,30,10,18,55.6,5,8,62.5,5,7,71.4,0,4,4,14,1,0,4,4,11,54.8
James Harden,LAC,LAC @ OKC,12/21/2023,L,34,23,7,18,38.9,4,9,44.4,5,6,83.3,2,7,9,6,3,1,3,1,-17,51.8
Giannis Antetokounmpo,MIL,MIL vs. ORL,12/21/2023,W,37,37,11,25,44,0,3,0,15,19,78.9,2,8,10,6,0,2,5,4,9,59
Anthony Edwards,MIN,MIN vs. LAL,12/21/2023,W,38,27,9,19,47.4,2,6,33.3,7,8,87.5,0,7,7,5,3,1,5,0,2,49.9
Shai Gilgeous-Alexander,OKC,OKC vs. LAC,12/21/2023,W,32,31,11,25,44,1,6,16.7,8,9,88.9,2,6,8,4,4,2,1,0,9,63.6
Victor Wembanyama,SAS,SAS @ CHI,12/21/2023,L,22,7,3,8,37.5,0,1,0,1,3,33.3,0,5,5,5,2,3,2,0,-7,33.5
Wendell Carter Jr.,ORL,ORL @ MIL,12/21/2023,L,21,4,2,6,33.3,0,3,0,0,0,-,1,3,4,2,0,1,0,2,-27,14.8
Stephen Curry,GSW,GSW vs. WAS,12/22/2023,W,27,30,9,18,50,8,13,61.5,4,5,80,0,4,4,7,0,1,2,0,-1,46.3
Tyrese Maxey,PHI,PHI vs. TOR,12/22/2023,W,41,33,13,22,59.1,4,10,40,3,3,100,0,4,4,10,0,0,3,3,17,49.8
Kevin Durant,PHX,PHX @ SAC,12/22/2023,L,34,28,9,14,64.3,2,3,66.7,8,9,88.9,0,7,7,2,1,0,7,0,-14,35.4
Joel Embiid,PHI,PHI vs. TOR,12/22/2023,W,35,31,11,21,52.4,2,2,100,7,8,87.5,1,9,10,9,2,4,6,1,2,68.5
Trae Young,ATL,ATL @ MIA,12/22/2023,L,40,30,10,22,45.5,7,13,53.8,3,3,100,0,3,3,13,2,0,6,1,-11,53.1
LeBron James,LAL,LAL @ OKC,12/23/2023,W,37,40,13,20,65,5,5,100,9,9,100,2,5,7,7,2,2,3,0,10,67.9
Stephen Curry,GSW,GSW vs. POR,12/23/2023,W,30,27,11,18,61.1,2,7,28.6,3,3,100,0,3,3,2,0,0,1,1,4,32.6
James Harden,LAC,LAC vs. BOS,12/23/2023,L,29,14,6,13,46.2,2,5,40,0,0,-,0,4,4,9,1,0,4,4,-34,31.3
Giannis Antetokounmpo,MIL,MIL @ NYK,12/23/2023,W,32,28,11,17,64.7,0,0,-,6,8,75,2,5,7,7,1,1,5,4,3,47.9
Shai Gilgeous-Alexander,OKC,OKC vs. LAL,12/23/2023,L,38,34,12,21,57.1,1,5,20,9,10,90,1,4,5,7,3,0,3,2,-6,56.5
Anthony Edwards,MIN,MIN @ SAC,12/23/2023,W,39,34,13,27,48.1,3,12,25,5,5,100,0,5,5,10,1,1,5,1,8,56
Jayson Tatum,BOS,BOS @ LAC,12/23/2023,W,30,30,9,16,56.3,5,10,50,7,9,77.8,0,4,4,2,1,0,2,0,19,38.8
Jalen Brunson,NYK,NYK vs. MIL,12/23/2023,L,37,36,15,26,57.7,3,5,60,3,3,100,0,3,3,7,0,1,3,2,-16,50.1
Wendell Carter Jr.,ORL,ORL @ IND,12/23/2023,W,16,4,2,6,33.3,0,1,0,0,0,-,3,5,8,4,0,0,1,1,-16,18.6
Trae Young,ATL,ATL vs. MEM,12/23/2023,L,41,30,11,24,45.8,3,10,30,5,7,71.4,0,5,5,13,1,1,2,3,2,59.5
LeBron James,LAL,LAL vs. BOS,12/25/2023,L,37,16,5,14,35.7,1,2,50,5,6,83.3,0,9,9,8,0,0,3,1,-11,35.8
Stephen Curry,GSW,GSW @ DEN,12/25/2023,L,34,18,7,21,33.3,3,13,23.1,1,1,100,1,1,2,4,1,1,3,4,-26,29.4
Tyrese Maxey,PHI,PHI @ MIA,12/25/2023,L,44,12,4,20,20,1,8,12.5,3,6,50,0,3,3,5,1,1,0,4,3,29.1
Giannis Antetokounmpo,MIL,MIL @ NYK,12/25/2023,L,39,32,13,24,54.2,1,2,50,5,9,55.6,5,8,13,6,1,2,2,4,-5,63.6
Kevin Durant,PHX,PHX vs. DAL,12/25/2023,L,43,16,4,11,36.4,1,3,33.3,7,7,100,1,7,8,7,0,1,6,2,-5,33.1
Jayson Tatum,BOS,BOS @ LAL,12/25/2023,W,41,25,6,15,40,1,6,16.7,12,13,92.3,0,8,8,7,0,1,1,0,10,47.1
Jalen Brunson,NYK,NYK vs. MIL,12/25/2023,W,37,38,15,28,53.6,1,3,33.3,7,9,77.8,1,3,4,6,1,0,0,0,6,54.8
James Harden,LAC,LAC vs. CHA,12/26/2023,W,40,29,8,16,50,6,12,50,7,8,87.5,0,6,6,8,2,1,4,2,20,53.2
Shai Gilgeous-Alexander,OKC,OKC vs. MIN,12/26/2023,W,33,34,14,19,73.7,0,3,0,6,7,85.7,0,6,6,9,2,1,3,3,16,60.7
Anthony Edwards,MIN,MIN @ OKC,12/26/2023,L,34,25,7,16,43.8,2,5,40,9,13,69.2,1,6,7,6,1,0,4,3,-16,41.4
Victor Wembanyama,SAS,SAS vs. UTA,12/26/2023,L,24,15,6,15,40,1,4,25,2,3,66.7,2,5,7,4,1,5,4,1,-9,43.4
Wendell Carter Jr.,ORL,ORL @ WAS,12/26/2023,W,21,6,2,3,66.7,1,1,100,1,2,50,0,4,4,2,0,1,2,1,12,14.8
Trae Young,ATL,ATL @ CHI,12/26/2023,L,40,21,6,17,35.3,3,12,25,6,7,85.7,0,2,2,13,1,0,6,3,-3,39.9
Tyrese Maxey,PHI,PHI @ ORL,12/27/2023,W,34,23,9,18,50,3,6,50,2,3,66.7,1,5,6,2,0,1,1,2,17,35.2
Giannis Antetokounmpo,MIL,MIL @ BKN,12/27/2023,W,30,32,10,12,83.3,0,0,-,12,17,70.6,2,8,10,8,0,2,2,2,8,60
Shai Gilgeous-Alexander,OKC,OKC vs. NYK,12/27/2023,W,36,36,13,23,56.5,2,5,40,8,9,88.9,1,6,7,8,2,2,1,0,12,67.4
Kevin Durant,PHX,PHX @ HOU,12/27/2023,W,41,27,9,16,56.3,3,7,42.9,6,8,75,0,10,10,16,2,1,3,2,17,69
Jalen Brunson,NYK,NYK @ OKC,12/27/2023,L,37,24,9,19,47.4,1,5,20,5,5,100,2,2,4,7,2,1,5,4,-9,43.3
Wendell Carter Jr.,ORL,ORL vs. PHI,12/27/2023,L,22,4,1,4,25,0,2,0,2,2,100,2,2,4,1,0,2,1,0,-8,15.3
LeBron James,LAL,LAL vs. CHA,12/28/2023,W,25,17,7,13,53.8,2,5,40,1,1,100,0,4,4,11,0,0,3,0,1,35.3
Stephen Curry,GSW,GSW vs. MIA,12/28/2023,L,32,13,3,15,20,2,8,25,5,6,83.3,0,4,4,5,2,1,1,1,-14,33.3
Anthony Edwards,MIN,MIN vs. DAL,12/28/2023,W,38,44,12,23,52.2,6,11,54.5,14,18,77.8,0,3,3,4,3,1,6,2,11,59.6
Jayson Tatum,BOS,BOS vs. DET,12/28/2023,W,43,31,11,31,35.5,2,11,18.2,7,8,87.5,2,5,7,10,5,0,3,4,10,66.4
Victor Wembanyama,SAS,SAS @ POR,12/28/2023,W,24,30,9,14,64.3,2,4,50,10,10,100,0,6,6,6,0,7,1,0,18,66.2
James Harden,LAC,LAC vs. MEM,12/29/2023,W,44,16,4,13,30.8,2,9,22.2,6,8,75,0,4,4,13,0,3,5,1,16,44.3
Tyrese Maxey,PHI,PHI @ HOU,12/29/2023,W,41,42,13,26,50,2,9,22.2,14,15,93.3,1,3,4,4,0,1,1,1,0,54.8
Giannis Antetokounmpo,MIL,MIL @ CLE,12/29/2023,W,37,34,14,22,63.6,0,1,0,6,7,85.7,2,14,16,5,1,0,3,2,12,60.7
Shai Gilgeous-Alexander,OKC,OKC @ DEN,12/29/2023,W,33,40,14,20,70,2,3,66.7,10,10,100,0,4,4,3,2,1,1,3,21,57.3
Kevin Durant,PHX,PHX vs. CHA,12/29/2023,W,39,21,8,11,72.7,3,3,100,2,2,100,1,3,4,11,1,3,1,2,10,53.3
Jalen Brunson,NYK,NYK @ ORL,12/29/2023,L,34,20,4,15,26.7,0,4,0,12,12,100,0,7,7,8,0,1,3,2,-10,40.4
Trae Young,ATL,ATL vs. SAC,12/29/2023,L,38,24,7,18,38.9,3,10,30,7,7,100,1,2,3,9,4,0,4,4,-11,49.1
LeBron James,LAL,LAL @ MIN,12/30/2023,L,39,26,10,21,47.6,1,4,25,5,7,71.4,0,3,3,6,3,1,1,2,-5,49.6
Stephen Curry,GSW,GSW vs. DAL,12/30/2023,L,35,25,9,25,36,6,15,40,1,1,100,0,2,2,7,1,0,3,3,-6,37.9
Tyrese Maxey,PHI,PHI @ CHI,12/30/2023,L,35,20,8,22,36.4,2,8,25,2,5,40,0,0,0,7,1,0,2,4,-12,31.5
Anthony Edwards,MIN,MIN vs. LAL,12/30/2023,W,38,31,10,23,43.5,2,8,25,9,11,81.8,0,3,3,3,0,3,3,3,8,45.1
Jalen Brunson,NYK,NYK @ IND,12/30/2023,L,41,28,9,22,40.9,4,8,50,6,9,66.7,0,1,1,6,0,1,4,3,-17,37.2
LeBron James,LAL,LAL @ NOP,12/31/2023,L,37,34,12,24,50,3,7,42.9,7,8,87.5,0,5,5,8,0,1,4,2,-11,51
Shai Gilgeous-Alexander,OKC,OKC vs. BKN,12/31/2023,W,35,24,7,15,46.7,1,2,50,9,9,100,0,4,4,6,0,0,1,2,9,36.8
Kevin Durant,PHX,PHX vs. ORL,12/31/2023,W,39,31,12,21,57.1,2,5,40,5,5,100,0,5,5,5,3,1,0,1,9,56.5
Jayson Tatum,BOS,BOS @ SAS,12/31/2023,W,31,25,10,17,58.8,5,10,50,0,0,-,1,5,6,2,0,2,3,1,32,38.2
Victor Wembanyama,SAS,SAS vs. BOS,12/31/2023,L,24,21,8,16,50,3,8,37.5,2,2,100,2,5,7,3,0,1,3,0,-23,33.9
Wendell Carter Jr.,ORL,ORL @ PHX,12/31/2023,L,24,17,6,7,85.7,3,3,100,2,2,100,1,4,5,2,0,0,3,2,14,23
Trae Young,ATL,ATL @ WAS,12/31/2023,W,40,40,11,19,57.9,4,8,50,14,19,73.7,0,3,3,13,3,0,5,2,-13,67.1
James Harden,LAC,LAC vs. MIA,01/01/2024,W,31,15,5,8,62.5,3,5,60,2,2,100,0,4,4,10,1,2,2,1,26,41.8
Giannis Antetokounmpo,MIL,MIL vs. IND,01/01/2024,L,37,30,11,20,55,0,3,0,8,11,72.7,3,15,18,11,1,2,4,3,3,73.1
Anthony Edwards,MIN,MIN @ NYK,01/01/2024,L,38,35,11,21,52.4,4,9,44.4,9,10,90,0,4,4,2,0,2,4,1,2,44.8
Jalen Brunson,NYK,NYK vs. MIN,01/01/2024,W,41,16,5,23,21.7,1,9,11.1,5,5,100,0,4,4,14,1,0,2,4,16,42.8
Stephen Curry,GSW,GSW vs. ORL,01/02/2024,W,35,36,12,20,60,4,9,44.4,8,11,72.7,1,1,2,6,4,1,2,4,12,60.4
Tyrese Maxey,PHI,PHI vs. CHI,01/02/2024,W,29,21,6,12,50,4,7,57.1,5,6,83.3,0,1,1,5,0,0,1,2,24,28.7
Shai Gilgeous-Alexander,OKC,OKC vs. BOS,01/02/2024,W,37,36,14,22,63.6,3,5,60,5,8,62.5,0,6,6,7,1,0,0,5,3,56.7
Jayson Tatum,BOS,BOS @ OKC,01/02/2024,L,38,30,10,21,47.6,2,5,40,8,10,80,5,8,13,8,1,0,4,3,0,56.6
Victor Wembanyama,SAS,SAS @ MEM,01/02/2024,L,26,20,8,16,50,2,5,40,2,4,50,0,7,7,1,0,4,1,0,-12,40.9
Wendell Carter Jr.,ORL,ORL @ GSW,01/02/2024,L,20,6,1,5,20,0,1,0,4,4,100,0,2,2,1,1,1,0,1,4,15.9
Joel Embiid,PHI,PHI vs. CHI,01/02/2024,W,31,31,10,20,50,2,5,40,9,12,75,0,15,15,10,1,2,4,4,32,69
LeBron James,LAL,LAL vs. MIA,01/03/2024,L,38,12,6,18,33.3,0,6,0,0,0,-,0,6,6,9,0,0,2,2,-20,30.7
James Harden,LAC,LAC @ PHX,01/03/2024,W,36,22,7,13,53.8,4,7,57.1,4,4,100,0,5,5,11,0,1,4,2,1,43.5
Giannis Antetokounmpo,MIL,MIL @ IND,01/03/2024,L,36,26,8,13,61.5,1,2,50,9,13,69.2,0,11,11,8,3,1,3,2,-12,60.2
Shai Gilgeous-Alexander,OKC,OKC @ ATL,01/03/2024,L,35,33,11,24,45.8,2,3,66.7,9,11,81.8,1,12,13,8,0,0,2,2,2,58.6
Anthony Edwards,MIN,MIN vs. NOP,01/03/2024,L,37,35,11,22,50,4,7,57.1,9,10,90,2,2,4,5,1,1,6,1,-15,47.3
Jalen Brunson,NYK,NYK vs. CHI,01/03/2024,W,38,31,13,22,59.1,4,9,44.4,1,1,100,0,3,3,13,0,0,4,3,31,50.1
Wendell Carter Jr.,ORL,ORL @ SAC,01/03/2024,L,21,9,3,7,42.9,3,3,100,0,0,-,1,6,7,3,0,0,1,4,9,20.9
Trae Young,ATL,ATL vs. OKC,01/03/2024,W,34,24,6,13,46.2,2,9,22.2,10,11,90.9,0,4,4,11,2,0,6,2,-9,45.3
Stephen Curry,GSW,GSW vs. DEN,01/04/2024,L,35,30,11,23,47.8,5,12,41.7,3,3,100,0,4,4,6,1,1,2,1,-1,47.8
Giannis Antetokounmpo,MIL,MIL @ SAS,01/04/2024,W,40,44,19,28,67.9,2,3,66.7,4,6,66.7,3,11,14,7,2,1,1,3,11,79.3
Victor Wembanyama,SAS,SAS vs. MIL,01/04/2024,L,26,27,10,18,55.6,2,8,25,5,6,83.3,3,6,9,1,1,5,5,5,-11,52.3
LeBron James,LAL,LAL vs. MEM,01/05/2024,L,39,32,11,24,45.8,4,9,44.4,6,10,60,2,3,5,7,5,0,4,0,-8,59.5
Stephen Curry,GSW,GSW vs. DET,01/05/2024,W,31,26,7,19,36.8,4,12,33.3,8,9,88.9,0,6,6,4,1,1,4,0,0,41.2
James Harden,LAC,LAC @ NOP,01/05/2024,W,29,8,2,7,28.6,1,6,16.7,3,3,100,0,3,3,13,0,0,1,2,18,30.1
Tyrese Maxey,PHI,PHI vs. NYK,01/05/2024,L,36,27,9,20,45,1,7,14.3,8,10,80,1,3,4,9,2,1,1,1,-28,53.3
Shai Gilgeous-Alexander,OKC,OKC @ BKN,01/05/2024,L,36,34,11,19,57.9,2,5,40,10,15,66.7,1,8,9,6,0,0,2,5,-10,51.8
Anthony Edwards,MIN,MIN @ HOU,01/05/2024,W,33,24,8,17,47.1,2,5,40,6,6,100,0,3,3,5,2,0,5,2,14,36.1
Jayson Tatum,BOS,BOS vs. UTA,01/05/2024,W,25,30,6,12,50,5,8,62.5,13,14,92.9,0,9,9,5,1,1,1,1,34,53.3
Jalen Brunson,NYK,NYK @ PHI,01/05/2024,W,32,29,11,20,55,4,9,44.4,3,3,100,0,3,3,2,1,1,0,1,14,41.6
Joel Embiid,PHI,PHI vs. NYK,01/05/2024,L,36,30,10,23,43.5,1,1,100,9,12,75,3,7,10,3,1,3,6,3,-29,52.5
Trae Young,ATL,ATL @ IND,01/05/2024,L,28,13,4,18,22.2,1,11,9.1,4,5,80,0,2,2,6,2,0,3,2,-28,27.4
Tyrese Maxey,PHI,PHI vs. UTA,01/06/2024,L,42,25,9,24,37.5,1,8,12.5,6,6,100,1,0,1,9,3,1,3,0,-14,48.7
Giannis Antetokounmpo,MIL,MIL @ HOU,01/06/2024,L,39,48,16,25,64,1,2,50,15,21,71.4,3,14,17,2,0,1,2,4,-1,72.4
Jayson Tatum,BOS,BOS @ IND,01/06/2024,W,38,38,14,23,60.9,8,13,61.5,2,4,50,1,12,13,6,1,0,4,4,19,61.6
Jalen Brunson,NYK,NYK @ WAS,01/06/2024,W,35,33,10,18,55.6,4,8,50,9,9,100,0,3,3,8,0,0,2,2,20,46.6
LeBron James,LAL,LAL vs. LAC,01/07/2024,W,38,25,11,19,57.9,1,3,33.3,2,3,66.7,1,7,8,7,1,0,4,2,5,44.1
Stephen Curry,GSW,GSW vs. TOR,01/07/2024,L,30,9,2,14,14.3,0,9,0,5,5,100,0,1,1,6,0,0,2,3,-17,17.2
James Harden,LAC,LAC @ LAL,01/07/2024,L,39,15,4,13,30.8,3,7,42.9,4,5,80,2,2,4,9,1,0,5,3,-1,31.3
Anthony Edwards,MIN,MIN @ DAL,01/07/2024,L,37,36,14,27,51.9,3,6,50,5,7,71.4,5,5,10,3,3,1,2,3,-5,62.5
Kevin Durant,PHX,PHX vs. MEM,01/07/2024,L,36,23,11,23,47.8,0,1,0,1,1,100,2,8,10,5,0,1,1,1,-7,44.5
Victor Wembanyama,SAS,SAS @ CLE,01/07/2024,L,25,24,6,13,46.2,2,5,40,10,11,90.9,0,10,10,3,1,5,3,3,17,55.5
Trae Young,ATL,ATL @ ORL,01/07/2024,L,42,31,11,23,47.8,2,9,22.2,7,10,70,0,4,4,9,1,1,5,2,-10,50.3
James Harden,LAC,LAC vs. PHX,01/08/2024,W,30,19,6,8,75,3,4,75,4,4,100,0,7,7,10,0,0,3,1,25,39.4
Giannis Antetokounmpo,MIL,MIL vs. UTA,01/08/2024,L,38,25,10,20,50,0,2,0,5,9,55.6,4,6,10,11,0,0,4,5,-14,49.5
Shai Gilgeous-Alexander,OKC,OKC @ WAS,01/08/2024,W,36,32,11,17,64.7,2,3,66.7,8,10,80,1,5,6,5,3,1,3,5,3,55.7
Kevin Durant,PHX,PHX @ LAC,01/08/2024,L,35,30,10,17,58.8,3,6,50,7,8,87.5,0,7,7,2,0,1,3,2,-14,41.4
LeBron James,LAL,LAL vs. TOR,01/09/2024,W,35,22,8,17,47.1,2,5,40,4,6,66.7,0,5,5,12,1,1,3,0,0,49
Anthony Edwards,MIN,MIN @ ORL,01/09/2024,W,26,6,2,7,28.6,0,2,0,2,3,66.7,1,3,4,3,0,0,5,3,1,10.3
Jalen Brunson,NYK,NYK vs. POR,01/09/2024,W,26,12,3,11,27.3,1,7,14.3,5,6,83.3,1,2,3,7,0,0,0,0,29,26.1
Stephen Curry,GSW,GSW vs. NOP,01/10/2024,L,25,15,4,13,30.8,3,8,37.5,4,4,100,0,1,1,6,1,0,3,0,-4,25.2
James Harden,LAC,LAC vs. TOR,01/10/2024,W,34,14,5,13,38.5,2,7,28.6,2,2,100,0,5,5,11,1,0,3,4,8,36.5
Tyrese Maxey,PHI,PHI @ ATL,01/10/2024,L,43,35,12,29,41.4,4,11,36.4,7,9,77.8,1,7,8,9,4,0,3,6,2,67.1
Shai Gilgeous-Alexander,OKC,OKC @ MIA,01/10/2024,W,34,28,11,17,64.7,2,5,40,4,5,80,0,2,2,8,1,1,3,3,-3,45.4
Anthony Edwards,MIN,MIN @ BOS,01/10/2024,L,46,29,11,25,44,3,6,50,4,4,100,0,6,6,3,0,0,5,1,-1,35.7
Jayson Tatum,BOS,BOS vs. MIN,01/10/2024,W,42,45,13,26,50,6,11,54.5,13,14,92.9,0,4,4,2,1,0,1,3,3,54.8
Victor Wembanyama,SAS,SAS @ DET,01/10/2024,W,21,16,6,16,37.5,0,4,0,4,5,80,3,9,12,10,0,0,0,1,15,45.4
Trae Young,ATL,ATL vs. PHI,01/10/2024,W,43,28,7,22,31.8,2,8,25,12,14,85.7,0,1,1,11,1,1,5,2,7,46.7
LeBron James,LAL,LAL vs. PHX,01/11/2024,L,24,10,3,11,27.3,0,4,0,4,7,57.1,0,5,5,9,1,0,4,1,-25,28.5
Giannis Antetokounmpo,MIL,MIL vs. BOS,01/11/2024,W,26,24,10,13,76.9,0,0,-,4,5,80,5,7,12,6,1,1,4,2,38,49.4
Shai Gilgeous-Alexander,OKC,OKC vs. POR,01/11/2024,W,21,31,11,15,73.3,1,3,33.3,8,8,100,1,4,5,4,0,1,2,2,41,44
Kevin Durant,PHX,PHX @ LAL,01/11/2024,W,32,18,7,12,58.3,2,5,40,2,2,100,0,5,5,5,3,1,1,0,15,42.5
Jayson Tatum,BOS,BOS @ MIL,01/11/2024,L,16,7,2,6,33.3,0,1,0,3,4,75,0,1,1,3,0,0,1,2,-31,11.7
Jalen Brunson,NYK,NYK @ DAL,01/11/2024,L,39,30,10,22,45.5,2,6,33.3,8,9,88.9,0,2,2,8,1,0,4,3,8,43.4
Stephen Curry,GSW,GSW @ CHI,01/12/2024,W,35,27,8,24,33.3,6,15,40,5,5,100,0,5,5,9,1,0,1,1,5,48.5
James Harden,LAC,LAC @ MEM,01/12/2024,W,28,11,3,7,42.9,2,4,50,3,3,100,0,1,1,9,1,0,3,0,20,25.7
Tyrese Maxey,PHI,PHI vs. SAC,01/12/2024,W,40,21,6,17,35.3,3,6,50,6,6,100,0,3,3,4,3,2,3,3,17,42.6
Anthony Edwards,MIN,MIN vs. POR,01/12/2024,W,27,9,4,9,44.4,0,3,0,1,2,50,0,3,3,6,1,1,0,2,41,27.6
Victor Wembanyama,SAS,SAS vs. CHA,01/12/2024,W,20,26,9,14,64.3,2,3,66.7,6,6,100,3,8,11,1,0,2,3,2,22,43.7
Trae Young,ATL,ATL vs. IND,01/12/2024,L,30,13,4,17,23.5,2,6,33.3,3,3,100,3,0,3,6,2,0,5,1,-19,26.6
Giannis Antetokounmpo,MIL,MIL vs. GSW,01/13/2024,W,37,33,13,22,59.1,1,3,33.3,6,8,75,3,6,9,5,0,0,4,3,1,47.3
Shai Gilgeous-Alexander,OKC,OKC vs. ORL,01/13/2024,W,36,37,13,20,65,0,4,0,11,12,91.7,2,4,6,7,3,1,0,2,14,66.7
Jayson Tatum,BOS,BOS vs. HOU,01/13/2024,W,30,27,9,17,52.9,4,7,57.1,5,7,71.4,1,7,8,5,1,1,2,2,9,48.1
Trae Young,ATL,ATL vs. WAS,01/13/2024,L,36,21,6,19,31.6,2,10,20,7,9,77.8,1,1,2,10,1,1,1,5,-23,43.4
James Harden,LAC,LAC @ MIN,01/14/2024,L,36,14,4,14,28.6,2,9,22.2,4,5,80,0,1,1,8,2,2,4,3,-3,35.2
Giannis Antetokounmpo,MIL,MIL vs. SAC,01/14/2024,W,40,27,9,16,56.3,0,2,0,9,14,64.3,1,9,10,10,3,0,4,4,-13,59
Anthony Edwards,MIN,MIN vs. LAC,01/14/2024,W,38,33,10,16,62.5,2,4,50,11,12,91.7,1,8,9,6,2,0,5,1,13,53.8
Kevin Durant,PHX,PHX @ POR,01/14/2024,W,38,21,8,16,50,2,5,40,3,3,100,1,4,5,6,0,0,3,4,0,33
LeBron James,LAL,LAL vs. OKC,01/15/2024,W,39,25,12,20,60,1,2,50,0,1,0,0,7,7,6,0,0,5,1,2,37.4
Stephen Curry,GSW,GSW @ MEM,01/15/2024,L,33,26,11,20,55,3,9,33.3,1,1,100,1,3,4,8,2,1,5,4,-2,46.8
Tyrese Maxey,PHI,PHI vs. HOU,01/15/2024,W,35,27,8,18,44.4,6,10,60,5,5,100,0,1,1,7,0,0,2,4,19,36.7
Shai Gilgeous-Alexander,OKC,OKC @ LAL,01/15/2024,L,34,24,9,19,47.4,1,6,16.7,5,5,100,0,3,3,6,1,1,3,3,-12,39.6
Jayson Tatum,BOS,BOS @ TOR,01/15/2024,W,37,19,7,19,36.8,1,6,16.7,4,4,100,0,14,14,6,1,1,1,2,8,49.8
Victor Wembanyama,SAS,SAS @ ATL,01/15/2024,L,27,26,12,18,66.7,1,5,20,1,1,100,2,11,13,2,2,5,3,2,-2,62.6
Wendell Carter Jr.,ORL,ORL @ NYK,01/15/2024,W,19,17,7,11,63.6,1,3,33.3,2,2,100,1,2,3,0,0,1,0,1,14,23.6
Joel Embiid,PHI,PHI vs. HOU,01/15/2024,W,31,41,12,21,57.1,1,5,20,16,17,94.1,2,8,10,3,1,1,2,5,7,61.5
Trae Young,ATL,ATL vs. SAS,01/15/2024,W,38,36,11,24,45.8,6,11,54.5,8,9,88.9,0,6,6,13,1,1,3,0,16,65.7
James Harden,LAC,LAC vs. OKC,01/16/2024,W,41,16,5,14,35.7,4,10,40,2,2,100,0,5,5,8,0,1,1,2,8,36
Tyrese Maxey,PHI,PHI vs. DEN,01/16/2024,W,43,25,9,20,45,4,9,44.4,3,7,42.9,1,4,5,9,2,0,1,2,9,49.5
Shai Gilgeous-Alexander,OKC,OKC @ LAC,01/16/2024,L,34,19,6,16,37.5,0,3,0,7,8,87.5,1,1,2,4,0,2,2,4,-19,31.4
Kevin Durant,PHX,PHX vs. SAC,01/16/2024,W,39,27,7,16,43.8,4,8,50,9,9,100,1,4,5,4,0,2,7,3,-4,38
Joel Embiid,PHI,PHI vs. DEN,01/16/2024,W,39,41,13,22,59.1,3,6,50,12,15,80,1,6,7,10,0,1,3,4,0,64.4
LeBron James,LAL,LAL vs. DAL,01/17/2024,W,33,25,10,19,52.6,3,7,42.9,2,2,100,1,7,8,8,1,0,3,1,20,46.6
Anthony Edwards,MIN,MIN @ DET,01/17/2024,W,33,27,10,24,41.7,3,8,37.5,4,4,100,0,5,5,8,0,0,3,3,5,42
Jayson Tatum,BOS,BOS vs. SAS,01/17/2024,W,32,24,9,21,42.9,3,8,37.5,3,5,60,0,5,5,2,0,0,2,2,11,31
Jalen Brunson,NYK,NYK vs. HOU,01/17/2024,W,37,30,11,21,52.4,4,9,44.4,4,7,57.1,0,3,3,7,0,0,2,2,12,42.1
Victor Wembanyama,SAS,SAS @ BOS,01/17/2024,L,27,27,10,19,52.6,2,6,33.3,5,6,83.3,2,3,5,1,0,1,5,2,-14,32.5
Wendell Carter Jr.,ORL,ORL @ ATL,01/17/2024,L,24,18,6,7,85.7,3,4,75,3,4,75,2,3,5,2,2,1,0,1,0,36
Trae Young,ATL,ATL vs. ORL,01/17/2024,W,39,18,5,14,35.7,1,6,16.7,7,7,100,1,2,3,12,1,0,8,3,2,34.6
Shai Gilgeous-Alexander,OKC,OKC @ UTA,01/18/2024,W,35,31,8,15,53.3,0,1,0,15,17,88.2,1,5,6,6,1,1,4,4,-1,49.2
Anthony Edwards,MIN,MIN vs. MEM,01/18/2024,W,34,28,11,19,57.9,1,6,16.7,5,6,83.3,0,5,5,5,1,0,3,2,10,41.5
Jalen Brunson,NYK,NYK vs. WAS,01/18/2024,W,40,41,14,27,51.9,2,4,50,11,13,84.6,1,7,8,8,2,1,6,2,10,65.6
LeBron James,LAL,LAL vs. BKN,01/19/2024,L,34,24,9,22,40.9,2,5,40,4,5,80,5,6,11,5,0,0,4,1,-13,40.7
Tyrese Maxey,PHI,PHI @ ORL,01/19/2024,W,34,32,10,20,50,4,10,40,8,9,88.9,2,1,3,5,3,1,2,1,17,53.1
Kevin Durant,PHX,PHX @ NOP,01/19/2024,W,35,26,11,19,57.9,3,8,37.5,1,1,100,1,4,5,2,2,2,1,1,25,46
Jayson Tatum,BOS,BOS vs. DEN,01/19/2024,L,39,22,9,24,37.5,1,8,12.5,3,3,100,2,6,8,5,1,0,0,1,6,42.1
Wendell Carter Jr.,ORL,ORL vs. PHI,01/19/2024,L,26,25,9,13,69.2,1,2,50,6,7,85.7,6,5,11,0,0,0,3,4,2,35.2
Joel Embiid,PHI,PHI @ ORL,01/19/2024,W,31,36,12,22,54.5,1,2,50,11,11,100,1,6,7,2,4,0,1,1,12,58.4
Tyrese Maxey,PHI,PHI @ CHA,01/20/2024,W,42,16,7,22,31.8,1,9,11.1,1,2,50,0,3,3,8,2,0,0,2,18,37.6
Giannis Antetokounmpo,MIL,MIL @ DET,01/20/2024,W,38,31,10,16,62.5,0,1,0,11,22,50,3,7,10,9,2,1,5,1,13,60.5
Shai Gilgeous-Alexander,OKC,OKC @ MIN,01/20/2024,W,37,33,10,22,45.5,1,2,50,12,13,92.3,1,1,2,6,2,0,2,0,14,48.4
Anthony Edwards,MIN,MIN vs. OKC,01/20/2024,L,38,19,6,10,60,1,3,33.3,6,10,60,0,5,5,5,0,0,5,2,-13,27.5
Jalen Brunson,NYK,NYK vs. TOR,01/20/2024,W,35,38,13,23,56.5,5,11,45.5,7,7,100,1,4,5,9,1,0,3,3,22,57.5
Victor Wembanyama,SAS,SAS @ WAS,01/20/2024,W,28,24,10,21,47.6,2,5,40,2,4,50,1,7,8,4,0,6,6,3,4,51.6
Joel Embiid,PHI,PHI @ CHA,01/20/2024,W,37,33,11,23,47.8,0,1,0,11,12,91.7,1,9,10,5,0,3,3,2,-2,58.5
Trae Young,ATL,ATL vs. CLE,01/20/2024,L,28,15,6,12,50,3,4,75,0,0,-,0,1,1,5,0,0,4,2,-20,19.7
LeBron James,LAL,LAL vs. POR,01/21/2024,W,31,28,8,16,50,3,8,37.5,9,10,90,0,5,5,5,0,0,3,2,28,38.5
James Harden,LAC,LAC vs. BKN,01/21/2024,W,38,24,6,11,54.5,3,6,50,9,9,100,0,5,5,10,2,1,4,2,9,50
Kevin Durant,PHX,PHX vs. IND,01/21/2024,W,40,40,18,25,72,4,7,57.1,0,0,-,1,8,9,2,0,3,2,4,7,60.8
Jayson Tatum,BOS,BOS @ HOU,01/21/2024,W,35,18,4,17,23.5,1,6,16.7,9,12,75,1,6,7,3,1,0,2,0,-4,31.9
Wendell Carter Jr.,ORL,ORL vs. MIA,01/21/2024,W,34,17,7,11,63.6,1,3,33.3,2,2,100,2,7,9,2,1,0,1,1,21,32.8
Tyrese Maxey,PHI,PHI vs. SAS,01/22/2024,W,42,18,7,15,46.7,2,5,40,2,2,100,1,3,4,8,0,0,2,1,12,32.8
Giannis Antetokounmpo,MIL,MIL @ DET,01/22/2024,W,36,31,11,25,44,1,5,20,8,12,66.7,3,14,17,10,3,2,2,3,12,79.4
Anthony Edwards,MIN,MIN vs. CHA,01/22/2024,L,37,9,3,11,27.3,1,5,20,2,2,100,0,5,5,11,0,0,1,1,7,30.5
Kevin Durant,PHX,PHX vs. CHI,01/22/2024,W,41,43,16,32,50,6,15,40,5,6,83.3,1,5,6,8,1,2,1,2,3,70.2
Jayson Tatum,BOS,BOS @ DAL,01/22/2024,W,41,39,11,21,52.4,2,8,25,15,19,78.9,0,11,11,5,3,2,0,4,27,74.7
Victor Wembanyama,SAS,SAS @ PHI,01/22/2024,L,28,33,10,19,52.6,2,5,40,11,12,91.7,3,4,7,2,0,2,1,5,0,49.4
Wendell Carter Jr.,ORL,ORL vs. CLE,01/22/2024,L,27,10,4,9,44.4,1,2,50,1,2,50,2,7,9,1,2,0,1,2,-22,27.3
Joel Embiid,PHI,PHI vs. SAS,01/22/2024,W,37,70,24,41,58.5,1,2,50,21,23,91.3,9,9,18,5,1,1,1,2,11,104.1
James Harden,LAC,LAC vs. LAL,01/23/2024,W,39,23,8,17,47.1,4,8,50,3,5,60,1,1,2,10,1,1,1,3,10,45.4
Shai Gilgeous-Alexander,OKC,OKC vs. POR,01/23/2024,W,35,33,10,24,41.7,0,3,0,13,17,76.5,2,4,6,10,5,0,3,3,17,67.2
Jalen Brunson,NYK,NYK @ BKN,01/23/2024,W,36,30,11,22,50,2,7,28.6,6,7,85.7,0,3,3,4,0,0,2,2,7,37.6
Stephen Curry,GSW,GSW vs. ATL,01/24/2024,W,31,25,7,16,43.8,5,8,62.5,6,6,100,0,3,3,8,0,0,1,3,9,39.6
Giannis Antetokounmpo,MIL,MIL vs. CLE,01/24/2024,W,35,35,16,24,66.7,1,1,100,2,3,66.7,2,16,18,10,0,2,2,3,11,75.6
Shai Gilgeous-Alexander,OKC,OKC @ SAS,01/24/2024,W,29,32,9,15,60,2,2,100,12,12,100,2,4,6,10,2,1,4,3,20,59.2
Anthony Edwards,MIN,MIN @ WAS,01/24/2024,W,34,38,11,28,39.3,3,10,30,13,14,92.9,1,2,3,5,1,0,4,4,6,48.1
Kevin Durant,PHX,PHX @ DAL,01/24/2024,W,38,12,4,10,40,0,4,0,4,7,57.1,0,10,10,7,1,2,1,4,19,42.5
Victor Wembanyama,SAS,SAS vs. OKC,01/24/2024,L,28,24,9,18,50,0,3,0,6,8,75,6,6,12,4,1,4,3,2,-11,56.4
LeBron James,LAL,LAL vs. CHI,01/25/2024,W,36,25,10,19,52.6,3,4,75,2,2,100,0,4,4,12,2,0,5,2,14,48.8
Stephen Curry,GSW,GSW vs. SAC,01/25/2024,L,36,33,13,26,50,6,14,42.9,1,1,100,1,5,6,2,1,0,2,0,-8,44.2
Tyrese Maxey,PHI,PHI @ IND,01/25/2024,L,29,22,7,17,41.2,1,8,12.5,7,7,100,0,1,1,2,0,1,1,2,-29,28.2
Anthony Edwards,MIN,MIN @ BKN,01/25/2024,W,36,24,8,23,34.8,3,7,42.9,5,6,83.3,0,1,1,3,1,0,3,3,-5,29.7
Jayson Tatum,BOS,BOS @ MIA,01/25/2024,W,32,26,7,15,46.7,3,7,42.9,9,10,90,1,7,8,4,0,0,1,1,22,40.6
Jalen Brunson,NYK,NYK vs. DEN,01/25/2024,W,27,21,7,10,70,1,2,50,6,6,100,0,1,1,4,0,0,2,0,24,26.2
Joel Embiid,PHI,PHI @ IND,01/25/2024,L,31,31,11,20,55,2,4,50,7,10,70,1,6,7,3,0,0,2,1,-20,41.9
James Harden,LAC,LAC @ TOR,01/26/2024,W,35,22,8,14,57.1,2,7,28.6,4,4,100,0,10,10,13,1,1,1,3,27,58.5
Giannis Antetokounmpo,MIL,MIL vs. CLE,01/26/2024,L,36,22,9,13,69.2,0,0,-,4,9,44.4,2,9,11,9,1,1,6,5,8,48.7
Shai Gilgeous-Alexander,OKC,OKC @ NOP,01/26/2024,W,32,31,10,21,47.6,3,8,37.5,8,9,88.9,0,4,4,5,2,1,4,0,12,48.3
Kevin Durant,PHX,PHX @ IND,01/26/2024,L,39,20,9,15,60,2,4,50,0,0,-,1,6,7,6,1,1,2,1,-9,41.4
Victor Wembanyama,SAS,SAS vs. POR,01/26/2024,W,29,23,7,18,38.9,3,7,42.9,6,6,100,3,9,12,4,2,2,7,1,23,48.4
Wendell Carter Jr.,ORL,ORL @ MEM,01/26/2024,L,35,20,8,9,88.9,2,3,66.7,2,3,66.7,3,6,9,2,2,2,1,3,-5,44.8
Trae Young,ATL,ATL vs. DAL,01/26/2024,L,33,30,9,18,50,2,7,28.6,10,11,90.9,0,1,1,11,3,0,2,3,9,54.7
LeBron James,LAL,LAL @ GSW,01/27/2024,W,48,36,14,25,56,2,4,50,6,6,100,1,19,20,12,0,0,3,2,-6,75
Stephen Curry,GSW,GSW vs. LAL,01/27/2024,L,43,46,17,35,48.6,9,21,42.9,3,3,100,0,3,3,7,1,0,4,4,-2,59.1
James Harden,LAC,LAC @ BOS,01/27/2024,W,27,9,2,11,18.2,0,6,0,5,6,83.3,1,7,8,7,0,0,1,2,36,28.1
Giannis Antetokounmpo,MIL,MIL vs. NOP,01/27/2024,W,29,30,11,16,68.8,1,1,100,7,11,63.6,1,11,12,4,2,0,1,3,23,55.4
Anthony Edwards,MIN,MIN @ SAS,01/27/2024,L,38,32,12,18,66.7,6,8,75,2,4,50,1,5,6,12,1,0,4,0,7,56.2
Jayson Tatum,BOS,BOS vs. LAC,01/27/2024,L,30,21,8,18,44.4,2,4,50,3,3,100,3,8,11,1,0,1,3,2,-32,35.7
Jalen Brunson,NYK,NYK vs. MIA,01/27/2024,W,38,32,12,22,54.5,4,8,50,4,5,80,0,5,5,8,1,1,0,2,24,56
Victor Wembanyama,SAS,SAS vs. MIN,01/27/2024,W,30,23,9,17,52.9,3,6,50,2,5,40,0,10,10,6,2,2,6,3,19,50
Shai Gilgeous-Alexander,OKC,OKC @ DET,01/28/2024,L,29,31,13,20,65,1,1,100,4,5,80,3,2,5,4,1,0,3,3,-6,43
Kevin Durant,PHX,PHX @ ORL,01/28/2024,L,37,15,7,12,58.3,1,3,33.3,0,0,-,0,4,4,5,0,1,7,3,-25,23.3
Wendell Carter Jr.,ORL,ORL vs. PHX,01/28/2024,W,23,9,4,8,50,1,4,25,0,0,-,0,3,3,1,0,1,0,1,-6,17.1
Trae Young,ATL,ATL vs. TOR,01/28/2024,W,42,30,9,24,37.5,1,4,25,11,12,91.7,0,2,2,12,2,0,5,3,8,51.4
LeBron James,LAL,LAL @ HOU,01/29/2024,L,37,23,9,15,60,2,5,40,3,8,37.5,0,6,6,10,1,1,1,4,-11,50.2
James Harden,LAC,LAC @ CLE,01/29/2024,L,39,11,3,8,37.5,2,5,40,3,4,75,0,7,7,10,1,1,3,2,-2,37.4
Giannis Antetokounmpo,MIL,MIL @ DEN,01/29/2024,L,37,29,11,19,57.9,1,1,100,6,11,54.5,2,10,12,4,1,1,2,4,-3,53.4
Shai Gilgeous-Alexander,OKC,OKC vs. MIN,01/29/2024,L,39,37,10,18,55.6,2,3,66.7,15,16,93.8,2,5,7,8,2,0,4,2,5,59.4
Anthony Edwards,MIN,MIN @ OKC,01/29/2024,W,40,27,10,20,50,3,5,60,4,4,100,0,4,4,4,1,0,4,4,-1,36.8
Kevin Durant,PHX,PHX @ MIA,01/29/2024,W,42,20,8,15,53.3,2,5,40,2,2,100,2,6,8,7,1,2,1,0,6,48.1
Jayson Tatum,BOS,BOS vs. NOP,01/29/2024,W,38,28,10,18,55.6,2,8,25,6,7,85.7,0,10,10,8,3,1,7,1,9,57
Jalen Brunson,NYK,NYK @ CHA,01/29/2024,W,34,32,13,24,54.2,2,6,33.3,4,5,80,0,4,4,7,1,0,2,1,20,48.3
Victor Wembanyama,SAS,SAS vs. WAS,01/29/2024,L,31,22,9,19,47.4,0,4,0,4,4,100,3,8,11,4,1,3,4,1,-12,49.2
Wendell Carter Jr.,ORL,ORL @ DAL,01/29/2024,L,29,9,2,7,28.6,1,4,25,4,5,80,5,3,8,2,0,0,1,6,-1,20.6
LeBron James,LAL,LAL @ ATL,01/30/2024,L,36,20,7,17,41.2,2,6,33.3,4,9,44.4,2,7,9,8,1,1,3,1,-6,45.8
Stephen Curry,GSW,GSW vs. PHI,01/30/2024,W,35,37,12,17,70.6,8,13,61.5,5,5,100,1,7,8,7,0,1,5,2,26,55.1
Jayson Tatum,BOS,BOS vs. IND,01/30/2024,W,39,30,12,19,63.2,4,9,44.4,2,3,66.7,0,7,7,7,1,2,2,2,-4,55.9
Jalen Brunson,NYK,NYK vs. UTA,01/30/2024,W,38,29,10,23,43.5,2,6,33.3,7,8,87.5,0,3,3,9,0,1,0,2,19,49.1
Joel Embiid,PHI,PHI @ GSW,01/30/2024,L,30,14,5,18,27.8,2,6,33.3,2,2,100,1,6,7,2,2,0,8,5,-21,23.4
Trae Young,ATL,ATL vs. LAL,01/30/2024,W,34,26,9,20,45,6,9,66.7,2,2,100,1,1,2,13,1,0,5,0,5,45.9
James Harden,LAC,LAC @ WAS,01/31/2024,W,33,25,7,15,46.7,5,10,50,6,6,100,1,8,9,5,2,4,2,2,20,59.3
Giannis Antetokounmpo,MIL,MIL @ POR,01/31/2024,L,38,27,10,16,62.5,0,2,0,7,11,63.6,3,5,8,4,3,1,6,5,6,48.6
Shai Gilgeous-Alexander,OKC,OKC vs. DEN,01/31/2024,W,36,34,10,22,45.5,2,3,66.7,12,13,92.3,1,6,7,5,1,2,2,4,-1,56.9
Anthony Edwards,MIN,MIN vs. DAL,01/31/2024,W,30,9,3,5,60,1,2,50,2,2,100,0,5,5,5,0,0,2,1,18,20.5
Kevin Durant,PHX,PHX @ BKN,01/31/2024,W,38,33,10,16,62.5,2,6,33.3,11,12,91.7,0,5,5,8,0,2,3,1,20,54
Victor Wembanyama,SAS,SAS vs. ORL,01/31/2024,L,30,21,7,15,46.7,2,5,40,5,5,100,0,8,8,3,2,5,3,3,-8,53.1
Wendell Carter Jr.,ORL,ORL @ SAS,01/31/2024,W,26,14,3,7,42.9,1,3,33.3,7,8,87.5,3,2,5,2,0,0,1,4,4,22
Tyrese Maxey,PHI,PHI @ UTA,02/01/2024,W,41,51,17,27,63,7,9,77.8,10,11,90.9,0,2,2,1,0,1,0,4,-2,57.9
Jayson Tatum,BOS,BOS vs. LAL,02/01/2024,L,37,23,8,21,38.1,5,10,50,2,2,100,2,5,7,3,1,1,2,3,-12,39.9
Jalen Brunson,NYK,NYK vs. IND,02/01/2024,W,37,40,15,30,50,1,6,16.7,9,11,81.8,1,4,5,1,0,0,2,3,4,45.5
Stephen Curry,GSW,GSW @ MEM,02/02/2024,W,32,20,6,16,37.5,4,9,44.4,4,4,100,0,6,6,6,1,0,3,1,12,36.2
James Harden,LAC,LAC @ DET,02/02/2024,W,34,4,1,10,10,0,5,0,2,2,100,1,2,3,6,1,0,1,1,8,18.6
Shai Gilgeous-Alexander,OKC,OKC vs. CHA,02/02/2024,W,30,31,11,15,73.3,1,1,100,8,10,80,0,3,3,9,5,3,3,2,34,69.1
Anthony Edwards,MIN,MIN vs. ORL,02/02/2024,L,35,22,9,18,50,2,8,25,2,3,66.7,0,1,1,5,1,0,3,1,6,30.7
Kevin Durant,PHX,PHX @ ATL,02/02/2024,L,38,35,14,24,58.3,5,9,55.6,2,2,100,1,7,8,8,2,1,4,3,-1,61.6
Victor Wembanyama,SAS,SAS vs. NOP,02/02/2024,L,28,16,7,14,50,0,3,0,2,2,100,5,9,14,7,2,3,6,2,-9,52.3
Wendell Carter Jr.,ORL,ORL @ MIN,02/02/2024,W,37,18,6,12,50,2,6,33.3,4,6,66.7,3,9,12,1,0,0,0,3,-2,33.9
Trae Young,ATL,ATL vs. PHX,02/02/2024,W,42,32,12,17,70.6,7,11,63.6,1,2,50,0,1,1,15,3,1,7,2,-1,60.7
LeBron James,LAL,LAL @ NYK,02/03/2024,W,40,24,10,19,52.6,2,5,40,2,2,100,1,4,5,5,2,1,1,1,11,45.5
Stephen Curry,GSW,GSW @ ATL,02/03/2024,L,41,60,22,38,57.9,10,23,43.5,6,6,100,1,5,6,4,0,1,2,1,-1,74.2
Tyrese Maxey,PHI,PHI vs. BKN,02/03/2024,L,31,23,8,23,34.8,3,8,37.5,4,6,66.7,1,2,3,5,3,0,1,2,-15,42.1
Giannis Antetokounmpo,MIL,MIL @ DAL,02/03/2024,W,40,48,20,28,71.4,2,5,40,6,10,60,1,5,6,10,5,1,1,3,15,87.2
Jalen Brunson,NYK,NYK vs. LAL,02/03/2024,L,45,36,15,31,48.4,1,6,16.7,5,6,83.3,2,4,6,10,0,0,3,1,-5,55.2
Victor Wembanyama,SAS,SAS vs. CLE,02/03/2024,L,27,19,5,16,31.3,2,4,50,7,8,87.5,4,10,14,3,2,2,3,0,10,49.3
Trae Young,ATL,ATL vs. GSW,02/03/2024,W,42,35,12,21,57.1,7,11,63.6,4,5,80,0,0,0,6,1,0,3,3,5,44
James Harden,LAC,LAC @ MIA,02/04/2024,W,42,21,7,13,53.8,5,9,55.6,2,4,50,0,8,8,11,1,1,4,1,10,49.1
Giannis Antetokounmpo,MIL,MIL @ UTA,02/04/2024,L,40,33,11,15,73.3,0,2,0,11,15,73.3,2,5,7,13,0,1,5,3,-8,58.9
Shai Gilgeous-Alexander,OKC,OKC vs. TOR,02/04/2024,W,48,23,9,17,52.9,2,5,40,3,3,100,1,8,9,14,2,3,2,5,7,67.8
Anthony Edwards,MIN,MIN vs. HOU,02/04/2024,W,34,32,11,22,50,4,8,50,6,8,75,1,5,6,1,1,1,4,3,27,42.7
Kevin Durant,PHX,PHX @ WAS,02/04/2024,W,26,18,7,9,77.8,3,3,100,1,2,50,0,4,4,3,2,1,1,0,18,35.3
Jayson Tatum,BOS,BOS vs. MEM,02/04/2024,W,31,34,12,22,54.5,6,12,50,4,4,100,1,7,8,7,1,0,2,1,27,55.1
Wendell Carter Jr.,ORL,ORL @ DET,02/04/2024,W,28,7,3,4,75,0,1,0,1,3,33.3,1,3,4,2,1,0,3,2,9,14.8
LeBron James,LAL,LAL @ CHA,02/05/2024,W,40,26,12,22,54.5,0,5,0,2,3,66.7,0,4,4,7,1,1,4,2,2,43.3
Stephen Curry,GSW,GSW @ BKN,02/05/2024,W,34,29,12,24,50,4,11,36.4,1,1,100,1,4,5,3,0,0,4,2,6,35.5
James Harden,LAC,LAC @ ATL,02/05/2024,W,39,30,7,14,50,6,9,66.7,10,10,100,2,6,8,10,2,1,2,3,11,61.6
Tyrese Maxey,PHI,PHI vs. DAL,02/05/2024,L,33,15,6,16,37.5,1,5,20,2,3,66.7,0,2,2,7,0,0,3,4,-23,24.9
Trae Young,ATL,ATL vs. LAC,02/05/2024,L,36,25,8,14,57.1,3,7,42.9,6,6,100,0,2,2,12,2,0,5,5,-6,46.4
Giannis Antetokounmpo,MIL,MIL @ PHX,02/06/2024,L,39,34,13,24,54.2,1,3,33.3,7,13,53.8,4,6,10,6,0,0,5,5,1,50
Shai Gilgeous-Alexander,OKC,OKC @ UTA,02/06/2024,L,36,28,11,22,50,2,3,66.7,4,5,80,1,3,4,7,1,1,2,1,-3,47.3
Anthony Edwards,MIN,MIN @ CHI,02/06/2024,L,44,38,12,26,46.2,5,9,55.6,9,11,81.8,0,12,12,5,2,1,5,5,-4,63.9
Kevin Durant,PHX,PHX vs. MIL,02/06/2024,W,39,28,11,21,52.4,1,5,20,5,7,71.4,0,10,10,1,1,2,5,3,8,45.5
Jalen Brunson,NYK,NYK vs. MEM,02/06/2024,W,31,27,11,21,52.4,1,4,25,4,5,80,0,3,3,8,3,0,2,1,-3,49.6
Wendell Carter Jr.,ORL,ORL @ MIA,02/06/2024,L,28,15,6,9,66.7,2,4,50,1,2,50,1,5,6,3,0,0,0,5,-22,26.7
Stephen Curry,GSW,GSW @ PHI,02/07/2024,W,25,9,2,7,28.6,1,4,25,4,4,100,0,3,3,1,0,1,4,2,13,13.1
James Harden,LAC,LAC vs. NOP,02/07/2024,L,38,19,6,11,54.5,5,6,83.3,2,3,66.7,1,7,8,5,1,1,4,2,-1,38.1
Tyrese Maxey,PHI,PHI vs. GSW,02/07/2024,L,30,12,5,14,35.7,2,7,28.6,0,0,-,0,2,2,3,1,1,3,2,-27,21.9
Jayson Tatum,BOS,BOS vs. ATL,02/07/2024,W,36,20,8,21,38.1,2,13,15.4,2,2,100,0,9,9,7,1,0,3,3,3,41.3
Victor Wembanyama,SAS,SAS @ MIA,02/07/2024,L,28,18,7,13,53.8,3,5,60,1,3,33.3,0,13,13,3,1,1,3,1,-12,41.1
Trae Young,ATL,ATL @ BOS,02/07/2024,L,38,20,8,25,32,2,10,20,2,2,100,0,2,2,10,1,0,4,0,-10,36.4
LeBron James,LAL,LAL vs. DEN,02/08/2024,L,35,25,9,20,45,2,6,33.3,5,5,100,1,8,9,7,1,1,2,0,-6,50.3
Stephen Curry,GSW,GSW @ IND,02/08/2024,W,30,42,15,22,68.2,11,16,68.8,1,2,50,0,2,2,2,0,1,2,2,13,48.4
Giannis Antetokounmpo,MIL,MIL vs. MIN,02/08/2024,L,27,17,7,14,50,0,2,0,3,7,42.9,1,2,3,7,1,0,3,1,-18,31.1
Anthony Edwards,MIN,MIN @ MIL,02/08/2024,W,36,26,9,20,45,4,11,36.4,4,6,66.7,0,3,3,9,1,0,0,3,16,46.1
Kevin Durant,PHX,PHX vs. UTA,02/08/2024,W,35,31,14,23,60.9,2,6,33.3,1,1,100,0,8,8,7,3,2,3,1,17,63.1
Victor Wembanyama,SAS,SAS @ ORL,02/08/2024,L,23,15,6,12,50,2,4,50,1,1,100,0,1,1,2,1,3,5,1,-11,26.2
Wendell Carter Jr.,ORL,ORL vs. SAS,02/08/2024,W,26,10,3,7,42.9,3,4,75,1,2,50,1,5,6,1,1,0,3,0,19,18.7
LeBron James,LAL,LAL vs. NOP,02/09/2024,W,38,21,6,13,46.2,2,2,100,7,8,87.5,1,3,4,14,1,1,2,2,15,50.8
Giannis Antetokounmpo,MIL,MIL vs. CHA,02/09/2024,W,24,15,5,10,50,0,1,0,5,7,71.4,1,13,14,3,1,1,0,5,28,42.3
Jayson Tatum,BOS,BOS vs. WAS,02/09/2024,W,38,35,12,22,54.5,3,10,30,8,9,88.9,1,9,10,8,1,2,2,1,9,66
Trae Young,ATL,ATL @ PHI,02/09/2024,W,40,37,10,21,47.6,5,12,41.7,12,16,75,0,1,1,12,1,0,7,1,5,52.2
Stephen Curry,GSW,GSW vs. PHX,02/10/2024,W,34,30,10,22,45.5,9,16,56.3,1,2,50,1,8,9,6,1,0,3,0,10,49.8
James Harden,LAC,LAC vs. DET,02/10/2024,W,36,14,4,11,36.4,2,8,25,4,4,100,0,6,6,8,1,1,5,1,8,34.2
Tyrese Maxey,PHI,PHI @ WAS,02/10/2024,W,36,28,11,25,44,3,7,42.9,3,4,75,0,9,9,7,0,0,2,1,-10,47.3
Shai Gilgeous-Alexander,OKC,OKC @ DAL,02/10/2024,L,29,25,9,16,56.3,0,0,-,7,8,87.5,2,4,6,5,0,1,3,1,-31,39.7
Kevin Durant,PHX,PHX @ GSW,02/10/2024,L,39,24,10,25,40,2,8,25,2,2,100,1,9,10,7,1,2,6,0,0,49.5
Jalen Brunson,NYK,NYK vs. IND,02/10/2024,L,37,39,14,25,56,1,5,20,10,10,100,0,3,3,4,1,0,2,2,-7,49.6
Victor Wembanyama,SAS,SAS @ BKN,02/10/2024,L,29,21,7,16,43.8,3,6,50,4,4,100,0,4,4,3,0,1,4,2,-20,29.3
Wendell Carter Jr.,ORL,ORL vs. CHI,02/10/2024,W,26,6,3,6,50,0,2,0,0,0,-,0,3,3,1,0,1,1,2,-7,13.1
Trae Young,ATL,ATL vs. HOU,02/10/2024,W,33,18,6,16,37.5,2,9,22.2,4,6,66.7,0,4,4,8,2,1,4,3,-1,39.8
Shai Gilgeous-Alexander,OKC,OKC vs. SAC,02/11/2024,W,39,38,15,26,57.7,3,4,75,5,9,55.6,0,3,3,7,1,2,1,0,16,60.1
Jayson Tatum,BOS,BOS @ MIA,02/11/2024,W,39,26,11,20,55,2,6,33.3,2,2,100,1,9,10,9,0,2,1,1,5,56.5
Stephen Curry,GSW,GSW @ UTA,02/12/2024,W,32,25,9,19,47.4,7,16,43.8,0,0,-,0,6,6,10,3,1,1,1,30,58.2
James Harden,LAC,LAC vs. MIN,02/12/2024,L,32,17,5,13,38.5,3,8,37.5,4,5,80,0,2,2,6,1,1,0,0,-9,34.4
Tyrese Maxey,PHI,PHI @ CLE,02/12/2024,W,42,22,9,21,42.9,2,5,40,2,4,50,1,3,4,9,0,0,4,5,-2,36.3
Giannis Antetokounmpo,MIL,MIL vs. DEN,02/12/2024,W,30,36,14,19,73.7,0,0,-,8,14,57.1,4,14,18,5,3,2,2,2,18,78.1
Anthony Edwards,MIN,MIN @ LAC,02/12/2024,W,32,23,8,18,44.4,1,11,9.1,6,6,100,0,7,7,8,1,0,1,2,18,45.4
Jalen Brunson,NYK,NYK @ HOU,02/12/2024,L,39,27,10,25,40,2,6,33.3,5,8,62.5,0,4,4,7,0,0,5,4,-1,37.3
Victor Wembanyama,SAS,SAS @ TOR,02/12/2024,W,29,27,10,14,71.4,2,4,50,5,6,83.3,2,12,14,5,2,10,7,2,20,80.3
Trae Young,ATL,ATL vs. CHI,02/12/2024,L,36,19,3,14,21.4,2,10,20,11,12,91.7,0,3,3,14,0,0,2,1,-14,41.6
LeBron James,LAL,LAL vs. DET,02/13/2024,W,31,25,9,15,60,3,6,50,4,4,100,0,1,1,8,0,0,4,0,9,34.2
Giannis Antetokounmpo,MIL,MIL vs. MIA,02/13/2024,L,34,23,11,18,61.1,1,2,50,0,0,-,2,9,11,8,0,2,5,0,-23,49.2
Shai Gilgeous-Alexander,OKC,OKC @ ORL,02/13/2024,W,34,32,11,24,45.8,1,1,100,9,10,90,0,3,3,5,2,1,1,5,0,51.1
Anthony Edwards,MIN,MIN @ POR,02/13/2024,W,34,41,16,27,59.3,4,8,50,5,5,100,0,4,4,2,2,1,2,1,16,55.8
Kevin Durant,PHX,PHX vs. SAC,02/13/2024,W,38,28,11,17,64.7,2,5,40,4,6,66.7,2,9,11,4,1,0,3,2,8,47.2
Jayson Tatum,BOS,BOS @ BKN,02/13/2024,W,39,41,14,26,53.8,5,11,45.5,8,8,100,0,14,14,5,2,1,2,3,21,72.3
Wendell Carter Jr.,ORL,ORL vs. OKC,02/13/2024,L,31,22,9,14,64.3,1,4,25,3,3,100,0,6,6,1,0,0,3,5,2,27.7
Stephen Curry,GSW,GSW vs. LAC,02/14/2024,L,35,41,15,31,48.4,9,19,47.4,2,2,100,1,3,4,5,0,0,4,3,-6,49.3
James Harden,LAC,LAC @ GSW,02/14/2024,W,40,26,7,12,58.3,4,9,44.4,8,9,88.9,2,6,8,7,0,1,1,0,13,48.1
Tyrese Maxey,PHI,PHI vs. MIA,02/14/2024,L,39,30,12,23,52.2,2,7,28.6,4,4,100,1,5,6,7,0,0,3,2,-3,44.7
Kevin Durant,PHX,PHX vs. DET,02/14/2024,W,30,25,8,13,61.5,1,3,33.3,8,8,100,1,5,6,6,1,2,5,2,23,45.2
Jayson Tatum,BOS,BOS vs. BKN,02/14/2024,W,28,20,7,16,43.8,2,7,28.6,4,5,80,1,6,7,9,0,0,1,0,27,40.9
Jalen Brunson,NYK,NYK @ ORL,02/14/2024,L,35,33,11,21,52.4,5,8,62.5,6,7,85.7,1,0,1,6,2,0,3,0,-2,46.2
Victor Wembanyama,SAS,SAS @ DAL,02/14/2024,L,27,26,10,21,47.6,2,6,33.3,4,5,80,3,6,9,5,1,3,2,0,-9,54.3
Wendell Carter Jr.,ORL,ORL vs. NYK,02/14/2024,W,24,9,4,5,80,0,1,0,1,2,50,1,5,6,1,0,1,0,2,5,20.7
Trae Young,ATL,ATL @ CHA,02/14/2024,L,34,12,4,12,33.3,2,8,25,2,2,100,1,1,2,12,0,0,4,4,-15,28.4
Stephen Curry,GSW,GSW @ UTA,02/15/2024,W,35,16,4,14,28.6,2,8,25,6,8,75,1,1,2,10,1,0,4,2,-2,32.4
Giannis Antetokounmpo,MIL,MIL @ MEM,02/15/2024,L,37,35,15,17,88.2,0,0,-,5,9,55.6,0,4,4,12,0,0,1,5,-14,56.8
Anthony Edwards,MIN,MIN @ POR,02/15/2024,W,33,34,12,21,57.1,3,7,42.9,7,8,87.5,1,5,6,7,2,1,1,1,36,59.7
Stephen Curry,GSW,GSW vs. LAL,02/22/2024,W,32,32,12,24,50,6,13,46.2,2,2,100,0,1,1,8,3,0,1,1,25,53.2
James Harden,LAC,LAC @ OKC,02/22/2024,L,29,17,5,9,55.6,3,6,50,4,4,100,2,4,6,2,1,0,3,2,-7,27.2
Tyrese Maxey,PHI,PHI vs. NYK,02/22/2024,L,40,35,11,24,45.8,4,11,36.4,9,9,100,1,5,6,5,0,0,4,1,-14,45.7
Shai Gilgeous-Alexander,OKC,OKC vs. LAC,02/22/2024,W,35,31,12,19,63.2,3,6,50,4,6,66.7,0,4,4,8,1,2,2,1,21,54.8
Kevin Durant,PHX,PHX @ DAL,02/22/2024,L,40,23,9,22,40.9,2,8,25,3,5,60,0,6,6,1,1,1,5,3,-4,32.7
Jayson Tatum,BOS,BOS @ CHI,02/22/2024,W,35,25,8,17,47.1,5,10,50,4,6,66.7,0,7,7,5,3,0,3,3,13,46.9
Jalen Brunson,NYK,NYK @ PHI,02/22/2024,W,39,21,5,18,27.8,0,4,0,11,11,100,0,2,2,12,2,1,7,2,20,43.4
Victor Wembanyama,SAS,SAS @ SAC,02/22/2024,L,31,19,8,21,38.1,1,6,16.7,2,3,66.7,5,8,13,4,5,5,1,1,0,69.6
Wendell Carter Jr.,ORL,ORL @ CLE,02/22/2024,W,23,12,5,7,71.4,2,3,66.7,0,0,-,0,2,2,1,0,0,1,2,-11,14.9
LeBron James,LAL,LAL vs. SAS,02/23/2024,W,34,30,13,22,59.1,2,3,66.7,2,2,100,1,6,7,9,1,0,2,0,21,52.9
Stephen Curry,GSW,GSW vs. CHA,02/23/2024,W,31,15,5,14,35.7,3,11,27.3,2,2,100,0,2,2,5,1,0,4,1,10,23.9
James Harden,LAC,LAC @ MEM,02/23/2024,W,39,9,1,8,12.5,1,4,25,6,7,85.7,1,7,8,8,0,1,4,0,3,29.6
Tyrese Maxey,PHI,PHI vs. CLE,02/23/2024,W,39,24,9,22,40.9,2,5,40,4,4,100,0,7,7,5,2,0,2,3,4,43.9
Giannis Antetokounmpo,MIL,MIL @ MIN,02/23/2024,W,41,33,9,13,69.2,1,1,100,14,21,66.7,4,9,13,5,1,0,3,1,1,56.1
Shai Gilgeous-Alexander,OKC,OKC vs. WAS,02/23/2024,W,30,30,10,17,58.8,1,3,33.3,9,9,100,0,7,7,9,1,1,1,3,38,56.9
Anthony Edwards,MIN,MIN vs. MIL,02/23/2024,L,38,28,10,27,37,4,12,33.3,4,6,66.7,0,9,9,5,1,0,3,2,-16,46.3
Kevin Durant,PHX,PHX @ HOU,02/23/2024,L,38,28,10,22,45.5,1,7,14.3,7,10,70,0,11,11,8,1,2,2,3,5,60.2
Victor Wembanyama,SAS,SAS @ LAL,02/23/2024,L,31,27,7,16,43.8,3,8,37.5,10,11,90.9,1,9,10,8,5,5,2,3,0,79
Trae Young,ATL,ATL vs. TOR,02/23/2024,L,35,11,4,13,30.8,2,6,33.3,1,2,50,0,3,3,7,0,0,4,3,-6,21.1
Anthony Edwards,MIN,MIN vs. BKN,02/24/2024,W,38,29,11,23,47.8,1,3,33.3,6,9,66.7,0,8,8,3,2,1,1,0,16,51.1
Jayson Tatum,BOS,BOS @ NYK,02/24/2024,W,43,19,7,15,46.7,2,8,25,3,4,75,1,5,6,6,2,1,4,3,15,40.2
Jalen Brunson,NYK,NYK vs. BOS,02/24/2024,L,38,34,12,25,48,4,9,44.4,6,6,100,1,2,3,9,1,0,4,0,-12,50.1
Wendell Carter Jr.,ORL,ORL @ DET,02/24/2024,W,22,11,3,5,60,2,3,66.7,3,4,75,3,7,10,2,1,0,1,2,-7,28
LeBron James,LAL,LAL @ PHX,02/25/2024,L,37,28,12,19,63.2,3,6,50,1,4,25,1,6,7,12,2,1,3,3,-8,60.4
Stephen Curry,GSW,GSW vs. DEN,02/25/2024,L,32,20,6,19,31.6,1,10,10,7,8,87.5,0,1,1,4,0,0,3,2,-22,24.2
James Harden,LAC,LAC vs. SAC,02/25/2024,L,35,20,4,13,30.8,2,10,20,10,10,100,0,5,5,8,0,0,3,3,-25,35
Tyrese Maxey,PHI,PHI vs. MIL,02/25/2024,L,38,24,8,19,42.1,3,8,37.5,5,5,100,0,3,3,7,3,0,1,3,-11,46.1
Giannis Antetokounmpo,MIL,MIL @ PHI,02/25/2024,W,36,30,10,17,58.8,1,2,50,9,12,75,1,11,12,9,0,1,6,1,14,54.9
Shai Gilgeous-Alexander,OKC,OKC @ HOU,02/25/2024,W,37,36,13,23,56.5,2,3,66.7,8,9,88.9,0,5,5,7,3,1,4,2,17,60.5
Kevin Durant,PHX,PHX vs. LAL,02/25/2024,W,39,22,7,20,35,2,8,25,6,6,100,1,4,5,7,0,2,3,2,2,41.5
Victor Wembanyama,SAS,SAS @ UTA,02/25/2024,L,27,22,9,17,52.9,1,3,33.3,3,4,75,2,8,10,2,1,5,4,1,-2,51
Wendell Carter Jr.,ORL,ORL @ ATL,02/25/2024,L,34,18,7,12,58.3,2,5,40,2,4,50,4,6,10,1,1,1,3,2,-11,34.5
Jalen Brunson,NYK,NYK vs. DET,02/26/2024,W,40,35,11,26,42.3,3,11,27.3,10,11,90.9,0,1,1,12,2,0,4,3,3,56.2
Stephen Curry,GSW,GSW @ WAS,02/27/2024,W,30,18,6,21,28.6,4,16,25,2,2,100,0,5,5,6,1,1,3,1,1,36
Tyrese Maxey,PHI,PHI @ BOS,02/27/2024,L,37,32,12,24,50,4,12,33.3,4,4,100,1,2,3,5,2,1,1,1,-24,51.1
Giannis Antetokounmpo,MIL,MIL vs. CHA,02/27/2024,W,24,24,8,13,61.5,1,1,100,7,8,87.5,3,5,8,1,0,0,1,1,25,34.1
Shai Gilgeous-Alexander,OKC,OKC vs. HOU,02/27/2024,W,32,31,11,21,52.4,4,6,66.7,5,6,83.3,2,6,8,3,1,0,2,2,6,46.1
Anthony Edwards,MIN,MIN vs. SAS,02/27/2024,W,33,34,13,29,44.8,4,10,40,4,4,100,1,4,5,5,4,1,4,0,5,58.5
Jayson Tatum,BOS,BOS vs. PHI,02/27/2024,W,35,29,9,20,45,1,7,14.3,10,11,90.9,0,11,11,8,0,1,1,1,27,56.2
Victor Wembanyama,SAS,SAS @ MIN,02/27/2024,L,34,17,5,13,38.5,2,7,28.6,5,5,100,1,12,13,5,2,4,5,5,2,53.1
Wendell Carter Jr.,ORL,ORL vs. BKN,02/27/2024,W,22,10,5,9,55.6,0,2,0,0,0,-,2,5,7,2,0,1,2,3,20,22.4
LeBron James,LAL,LAL @ LAC,02/28/2024,W,37,34,13,21,61.9,7,12,58.3,1,1,100,1,5,6,8,0,2,3,2,11,56.2
James Harden,LAC,LAC vs. LAL,02/28/2024,L,40,23,8,16,50,2,9,22.2,5,6,83.3,1,2,3,9,1,0,4,1,-12,39.1
Anthony Edwards,MIN,MIN vs. MEM,02/28/2024,W,40,34,11,21,52.4,1,6,16.7,11,11,100,0,2,2,4,0,1,3,3,8,42.4
LeBron James,LAL,LAL vs. WAS,02/29/2024,W,39,31,12,24,50,2,5,40,5,7,71.4,0,4,4,9,1,1,4,1,-5,51.3
Stephen Curry,GSW,GSW @ NYK,02/29/2024,W,32,31,11,26,42.3,8,18,44.4,1,1,100,2,9,11,1,1,0,3,0,20,45.7
Giannis Antetokounmpo,MIL,MIL @ CHA,02/29/2024,W,33,24,10,15,66.7,2,2,100,2,3,66.7,2,8,10,5,0,0,1,3,16,42.5
Shai Gilgeous-Alexander,OKC,OKC @ SAS,02/29/2024,L,35,31,12,22,54.5,1,1,100,6,7,85.7,1,5,6,3,1,1,1,4,-7,47.7
Kevin Durant,PHX,PHX vs. HOU,02/29/2024,W,40,24,8,19,42.1,1,3,33.3,7,10,70,2,5,7,6,0,0,3,1,2,38.4
Jalen Brunson,NYK,NYK vs. GSW,02/29/2024,L,37,27,11,25,44,4,7,57.1,1,1,100,1,4,5,5,0,0,4,4,-14,36.5
Victor Wembanyama,SAS,SAS vs. OKC,02/29/2024,W,32,28,9,17,52.9,5,7,71.4,5,7,71.4,3,10,13,7,2,5,2,2,17,73.1
Wendell Carter Jr.,ORL,ORL vs. UTA,02/29/2024,W,22,6,2,6,33.3,0,0,-,2,5,40,1,4,5,1,0,0,0,2,9,13.5
Stephen Curry,GSW,GSW @ TOR,03/01/2024,W,30,25,9,22,40.9,7,15,46.7,0,0,-,2,4,6,6,0,0,4,2,12,37.2
James Harden,LAC,LAC vs. WAS,03/01/2024,W,25,28,9,13,69.2,6,9,66.7,4,4,100,1,3,4,8,0,3,3,1,19,50.8
Tyrese Maxey,PHI,PHI vs. CHA,03/01/2024,W,39,33,11,29,37.9,5,10,50,6,6,100,2,4,6,5,0,1,0,1,19,50.7
Giannis Antetokounmpo,MIL,MIL @ CHI,03/01/2024,W,37,46,16,22,72.7,2,3,66.7,12,16,75,5,11,16,6,1,1,1,3,6,79.2
Anthony Edwards,MIN,MIN vs. SAC,03/01/2024,L,19,11,2,11,18.2,1,3,33.3,6,6,100,0,2,2,2,0,1,1,0,-3,18.4
Jayson Tatum,BOS,BOS vs. DAL,03/01/2024,W,37,32,10,19,52.6,5,9,55.6,7,7,100,0,8,8,3,0,0,4,2,17,42.1
LeBron James,LAL,LAL vs. DEN,03/02/2024,L,37,26,12,20,60,2,5,40,0,2,0,0,4,4,9,3,0,3,1,-1,50.3
Kevin Durant,PHX,PHX vs. HOU,03/02/2024,L,39,30,12,19,63.2,1,4,25,5,8,62.5,2,7,9,2,0,3,6,1,-5,46.8
Stephen Curry,GSW,GSW @ BOS,03/03/2024,L,17,4,2,13,15.4,0,9,0,0,0,-,0,1,1,3,0,0,2,0,-29,7.7
James Harden,LAC,LAC @ MIN,03/03/2024,W,34,4,0,10,0,0,6,0,4,4,100,0,5,5,10,1,2,1,1,-10,33
Tyrese Maxey,PHI,PHI @ DAL,03/03/2024,W,39,24,8,15,53.3,1,5,20,7,7,100,0,2,2,3,2,0,4,4,5,32.9
Shai Gilgeous-Alexander,OKC,OKC @ PHX,03/03/2024,W,38,35,15,27,55.6,0,5,0,5,7,71.4,0,8,8,9,3,3,1,4,13,75.1
Anthony Edwards,MIN,MIN vs. LAC,03/03/2024,L,37,27,9,20,45,3,10,30,6,6,100,0,5,5,2,3,0,3,1,10,42
Kevin Durant,PHX,PHX vs. OKC,03/03/2024,L,36,20,6,15,40,2,4,50,6,6,100,0,4,4,3,1,1,5,2,-9,30.3
Jayson Tatum,BOS,BOS vs. GSW,03/03/2024,W,25,27,9,13,69.2,4,5,80,5,5,100,0,3,3,5,1,1,0,2,40,44.1
Jalen Brunson,NYK,NYK @ CLE,03/03/2024,W,1,0,0,1,0,0,0,-,0,0,-,0,0,0,0,0,0,0,0,-2,0
Victor Wembanyama,SAS,SAS vs. IND,03/03/2024,W,31,31,11,17,64.7,3,4,75,6,7,85.7,2,10,12,6,1,6,3,2,19,72.4
Wendell Carter Jr.,ORL,ORL vs. DET,03/03/2024,W,31,19,5,7,71.4,2,3,66.7,7,7,100,2,6,8,3,1,2,0,1,31,42.1
LeBron James,LAL,LAL vs. OKC,03/04/2024,W,31,19,7,14,50,1,3,33.3,4,5,80,1,10,11,8,1,0,3,1,14,44.2
James Harden,LAC,LAC @ MIL,03/04/2024,L,37,29,9,16,56.3,5,10,50,6,9,66.7,0,4,4,8,0,1,3,2,-4,45.8
Shai Gilgeous-Alexander,OKC,OKC @ LAL,03/04/2024,L,30,20,5,13,38.5,1,2,50,9,9,100,2,5,7,4,4,2,4,3,-9,48.4
Anthony Edwards,MIN,MIN vs. POR,03/04/2024,W,35,13,4,10,40,1,3,33.3,4,6,66.7,0,4,4,6,1,0,2,2,8,27.8
Kevin Durant,PHX,PHX @ DEN,03/05/2024,W,44,35,14,34,41.2,3,8,37.5,4,5,80,0,8,8,5,0,2,2,1,14,56.1
Jayson Tatum,BOS,BOS @ CLE,03/05/2024,L,38,26,8,21,38.1,5,9,55.6,5,6,83.3,2,11,13,2,0,0,2,3,-7,42.6
Victor Wembanyama,SAS,SAS @ HOU,03/05/2024,L,31,10,4,10,40,2,5,40,0,0,-,2,9,11,3,0,7,6,4,-12,42.7
Wendell Carter Jr.,ORL,ORL @ CHA,03/05/2024,W,29,12,5,7,71.4,2,4,50,0,0,-,4,5,9,1,1,0,1,1,0,26.3
LeBron James,LAL,LAL vs. SAC,03/06/2024,L,36,31,10,16,62.5,1,4,25,10,10,100,0,5,5,13,1,0,3,0,-3,56.5
Stephen Curry,GSW,GSW vs. MIL,03/06/2024,W,31,29,10,18,55.6,6,10,60,3,4,75,2,6,8,5,0,0,2,1,15,44.1
James Harden,LAC,LAC @ HOU,03/06/2024,W,39,21,6,13,46.2,1,5,20,8,8,100,0,5,5,7,1,1,2,2,8,41.5
Giannis Antetokounmpo,MIL,MIL @ GSW,03/06/2024,L,33,23,8,15,53.3,1,3,33.3,6,9,66.7,2,5,7,6,0,1,2,1,-6,41.4
Shai Gilgeous-Alexander,OKC,OKC @ POR,03/06/2024,W,36,37,13,23,56.5,0,3,0,11,12,91.7,0,3,3,5,1,1,4,2,3,50.1
Stephen Curry,GSW,GSW vs. CHI,03/07/2024,L,29,15,5,18,27.8,3,12,25,2,2,100,0,3,3,1,0,0,2,1,9,18.1
Anthony Edwards,MIN,MIN @ IND,03/07/2024,W,39,44,18,35,51.4,3,7,42.9,5,8,62.5,2,4,6,3,2,2,0,1,2,67.7
Kevin Durant,PHX,PHX vs. TOR,03/07/2024,W,35,35,11,19,57.9,2,5,40,11,12,91.7,0,3,3,1,1,0,4,1,8,39.1
Jayson Tatum,BOS,BOS @ DEN,03/07/2024,L,39,15,5,13,38.5,2,5,40,3,4,75,1,3,4,8,2,0,5,4,-2,32.8
Giannis Antetokounmpo,MIL,MIL @ LAL,03/08/2024,L,39,34,14,23,60.9,1,3,33.3,5,7,71.4,2,12,14,12,1,1,4,2,-4,70.8
Shai Gilgeous-Alexander,OKC,OKC vs. MIA,03/08/2024,W,36,37,13,25,52,2,7,28.6,9,11,81.8,0,5,5,6,1,2,1,2,17,60
Anthony Edwards,MIN,MIN @ CLE,03/08/2024,L,42,19,7,27,25.9,0,7,0,5,5,100,1,4,5,3,1,1,5,3,-20,30.5
Jalen Brunson,NYK,NYK vs. ORL,03/08/2024,W,29,26,11,19,57.9,4,7,57.1,0,0,-,0,3,3,2,0,0,1,2,23,31.6
Wendell Carter Jr.,ORL,ORL @ NYK,03/08/2024,L,25,7,2,8,25,2,4,50,1,2,50,7,2,9,2,0,2,3,2,-22,23.8
James Harden,LAC,LAC vs. CHI,03/09/2024,W,34,14,4,10,40,4,10,40,2,2,100,0,11,11,10,1,0,1,2,4,44.2
Kevin Durant,PHX,PHX vs. BOS,03/09/2024,L,37,45,18,26,69.2,4,7,57.1,5,7,71.4,1,9,10,6,1,0,6,2,-1,63
Jayson Tatum,BOS,BOS @ PHX,03/09/2024,W,42,29,11,28,39.3,5,9,55.6,2,2,100,3,7,10,7,1,0,4,0,4,50.5
LeBron James,LAL,LAL vs. MIN,03/10/2024,W,38,29,10,16,62.5,2,4,50,7,9,77.8,0,8,8,9,0,0,4,1,14,48.1
James Harden,LAC,LAC vs. MIL,03/10/2024,L,36,13,5,16,31.3,1,6,16.7,2,2,100,3,2,5,11,0,0,5,4,-13,30.5
Giannis Antetokounmpo,MIL,MIL @ LAC,03/10/2024,W,39,34,12,24,50,0,2,0,10,15,66.7,0,7,7,10,1,1,3,3,19,60.4
Shai Gilgeous-Alexander,OKC,OKC vs. MEM,03/10/2024,W,27,23,8,14,57.1,5,7,71.4,2,2,100,0,2,2,6,0,0,1,2,29,33.4
Anthony Edwards,MIN,MIN @ LAL,03/10/2024,L,40,25,10,23,43.5,2,9,22.2,3,4,75,1,6,7,7,2,2,3,2,-14,52.9
Jalen Brunson,NYK,NYK vs. PHI,03/10/2024,L,32,19,6,22,27.3,1,9,11.1,6,8,75,2,1,3,8,0,0,2,1,2,32.6
Wendell Carter Jr.,ORL,ORL vs. IND,03/10/2024,L,28,13,5,13,38.5,0,5,0,3,3,100,6,9,15,2,1,1,2,3,-14,38
Kevin Durant,PHX,PHX @ CLE,03/11/2024,W,39,37,14,26,53.8,5,10,50,4,5,80,0,8,8,6,1,0,3,2,13,55.6
Jayson Tatum,BOS,BOS @ POR,03/11/2024,W,36,26,9,23,39.1,2,8,25,6,8,75,0,5,5,8,0,0,1,0,16,43
Victor Wembanyama,SAS,SAS vs. GSW,03/11/2024,L,31,27,10,25,40,3,9,33.3,4,9,44.4,2,12,14,3,1,2,3,1,-1,54.3
James Harden,LAC,LAC vs. MIN,03/12/2024,L,34,12,4,10,40,2,6,33.3,2,2,100,0,2,2,7,2,0,4,1,-15,26.9
Tyrese Maxey,PHI,PHI @ NYK,03/12/2024,L,28,17,6,14,42.9,3,6,50,2,2,100,1,1,2,4,0,0,2,1,-29,23.4
Giannis Antetokounmpo,MIL,MIL @ SAC,03/12/2024,L,33,30,10,17,58.8,0,2,0,10,14,71.4,1,12,13,4,1,0,4,3,-18,50.6
Shai Gilgeous-Alexander,OKC,OKC vs. IND,03/12/2024,L,37,30,12,27,44.4,1,7,14.3,5,6,83.3,2,8,10,5,2,1,4,4,-9,54.5
Anthony Edwards,MIN,MIN @ LAC,03/12/2024,W,37,37,15,29,51.7,2,8,25,5,7,71.4,2,6,8,4,1,0,2,3,22,53.6
Jayson Tatum,BOS,BOS @ UTA,03/12/2024,W,34,38,13,25,52,4,10,40,8,8,100,2,4,6,2,0,1,3,3,8,48.2
Jalen Brunson,NYK,NYK vs. PHI,03/12/2024,W,27,20,7,12,58.3,4,8,50,2,3,66.7,0,4,4,9,1,0,1,0,24,40.3
Victor Wembanyama,SAS,SAS vs. HOU,03/12/2024,L,31,13,5,12,41.7,2,7,28.6,1,1,100,1,9,10,6,1,2,2,2,5,41
LeBron James,LAL,LAL @ SAC,03/13/2024,L,40,18,6,16,37.5,2,8,25,4,6,66.7,1,12,13,9,2,0,5,3,-10,48.1
Wendell Carter Jr.,ORL,ORL vs. BKN,03/13/2024,W,27,15,5,8,62.5,1,4,25,4,6,66.7,2,6,8,2,1,1,2,4,1,31.6
Tyrese Maxey,PHI,PHI @ MIL,03/14/2024,L,37,30,12,23,52.2,5,9,55.6,1,3,33.3,0,4,4,4,0,0,2,0,-8,38.8
Giannis Antetokounmpo,MIL,MIL vs. PHI,03/14/2024,W,37,32,9,12,75,0,0,-,14,18,77.8,4,7,11,7,1,0,7,4,-4,51.7
Shai Gilgeous-Alexander,OKC,OKC vs. DAL,03/14/2024,W,37,31,9,16,56.3,1,4,25,12,15,80,1,8,9,5,2,0,1,2,16,54.3
Kevin Durant,PHX,PHX @ BOS,03/14/2024,L,34,20,9,19,47.4,1,3,33.3,1,2,50,0,3,3,1,0,1,3,1,-17,25.1
Jayson Tatum,BOS,BOS vs. PHX,03/14/2024,W,33,26,10,18,55.6,4,8,50,2,3,66.7,1,4,5,5,0,0,3,3,26,36.5
Jalen Brunson,NYK,NYK @ POR,03/14/2024,W,38,45,14,30,46.7,2,10,20,15,17,88.2,1,0,1,4,1,1,5,0,17,53.2
Kevin Durant,PHX,PHX @ CHA,03/15/2024,W,38,13,5,15,33.3,1,6,16.7,2,2,100,0,8,8,5,1,0,3,1,-2,30.1
Victor Wembanyama,SAS,SAS vs. DEN,03/15/2024,L,33,17,4,12,33.3,1,5,20,8,9,88.9,4,5,9,2,2,3,4,5,-3,41.8
Wendell Carter Jr.,ORL,ORL @ TOR,03/15/2024,W,28,15,6,10,60,2,5,40,1,2,50,2,6,8,3,0,0,1,2,8,28.1
LeBron James,LAL,LAL vs. GSW,03/16/2024,L,38,40,15,23,65.2,3,5,60,7,8,87.5,3,5,8,9,1,1,4,1,-6,65.1
Stephen Curry,GSW,GSW @ LAL,03/16/2024,W,34,31,12,24,50,3,10,30,4,5,80,1,5,6,5,2,0,1,0,4,50.7
Tyrese Maxey,PHI,PHI vs. CHA,03/16/2024,W,40,30,8,20,40,3,9,33.3,11,12,91.7,0,3,3,4,0,0,2,2,15,37.6
Shai Gilgeous-Alexander,OKC,OKC @ MEM,03/16/2024,W,35,20,8,16,50,1,4,25,3,6,50,1,6,7,3,0,1,3,2,7,32.9
Anthony Edwards,MIN,MIN @ UTA,03/16/2024,W,35,31,12,20,60,5,7,71.4,2,3,66.7,1,9,10,5,3,3,4,1,16,64.5
Jalen Brunson,NYK,NYK @ SAC,03/16/2024,W,36,42,17,28,60.7,5,10,50,3,4,75,1,3,4,2,4,1,6,1,5,58.8
James Harden,LAC,LAC vs. ATL,03/17/2024,L,36,9,3,10,30,2,5,40,1,1,100,0,6,6,9,1,1,3,2,-15,32.7
Kevin Durant,PHX,PHX @ MIL,03/17/2024,L,41,11,4,10,40,1,3,33.3,2,2,100,1,8,9,4,3,2,1,3,-11,41.8
Jayson Tatum,BOS,BOS @ WAS,03/17/2024,W,27,30,8,17,47.1,6,12,50,8,10,80,0,6,6,6,3,1,2,1,26,56.2
Victor Wembanyama,SAS,SAS vs. BKN,03/17/2024,W,36,33,14,26,53.8,1,7,14.3,4,6,66.7,4,11,15,7,0,7,4,1,5,78.5
Wendell Carter Jr.,ORL,ORL vs. TOR,03/17/2024,W,27,9,4,8,50,1,4,25,0,0,-,0,3,3,3,1,0,1,1,27,19.1
LeBron James,LAL,LAL vs. ATL,03/18/2024,W,29,25,10,14,71.4,2,5,40,3,3,100,0,7,7,10,0,0,2,0,20,46.4
Stephen Curry,GSW,GSW vs. NYK,03/18/2024,L,33,27,8,20,40,4,13,30.8,7,7,100,0,5,5,5,0,0,2,1,-9,38.5
Tyrese Maxey,PHI,PHI vs. MIA,03/18/2024,W,41,30,11,24,45.8,3,10,30,5,5,100,0,8,8,10,1,1,3,3,22,57.6
Anthony Edwards,MIN,MIN @ UTA,03/18/2024,W,38,32,13,23,56.5,2,8,25,4,4,100,1,6,7,8,1,2,3,2,-1,58.4
Jalen Brunson,NYK,NYK @ GSW,03/18/2024,W,35,34,12,25,48,3,9,33.3,7,8,87.5,0,5,5,7,1,0,3,2,13,50.5
Anthony Edwards,MIN,MIN vs. DEN,03/19/2024,L,38,30,13,26,50,3,8,37.5,1,2,50,1,7,8,8,2,0,3,1,-8,54.6
Victor Wembanyama,SAS,SAS vs. DAL,03/19/2024,L,32,12,3,13,23.1,0,4,0,6,7,85.7,3,8,11,3,1,6,5,4,5,45.7
Wendell Carter Jr.,ORL,ORL vs. CHA,03/19/2024,W,24,8,3,6,50,1,2,50,1,1,100,1,7,8,3,1,0,4,1,17,21.1
Stephen Curry,GSW,GSW vs. MEM,03/20/2024,W,24,14,5,9,55.6,4,7,57.1,0,0,-,1,1,2,3,0,1,2,1,17,21.9
James Harden,LAC,LAC @ POR,03/20/2024,W,36,19,6,11,54.5,5,9,55.6,2,2,100,0,4,4,14,0,1,3,1,22,44.8
Tyrese Maxey,PHI,PHI @ PHX,03/20/2024,L,29,6,3,13,23.1,0,4,0,0,0,-,0,0,0,7,1,0,1,2,-13,18.5
Shai Gilgeous-Alexander,OKC,OKC vs. UTA,03/20/2024,W,33,31,12,22,54.5,2,4,50,5,6,83.3,1,2,3,7,4,0,1,3,5,56.1
Kevin Durant,PHX,PHX vs. PHI,03/20/2024,W,36,22,10,18,55.6,2,6,33.3,0,0,-,0,8,8,4,0,3,4,1,1,42.6
Jayson Tatum,BOS,BOS vs. MIL,03/20/2024,W,39,31,9,19,47.4,4,7,57.1,9,10,90,0,8,8,4,3,2,2,2,2,59.6
Giannis Antetokounmpo,MIL,MIL vs. BKN,03/21/2024,W,35,21,9,19,47.4,1,2,50,2,4,50,3,6,9,5,0,2,2,3,5,43.3
Kevin Durant,PHX,PHX vs. ATL,03/21/2024,W,37,19,5,15,33.3,2,8,25,7,7,100,1,3,4,2,0,3,5,1,0,30.8
Jalen Brunson,NYK,NYK @ DEN,03/21/2024,L,34,26,11,23,47.8,2,7,28.6,2,3,66.7,0,2,2,9,0,0,0,1,-20,41.9
Wendell Carter Jr.,ORL,ORL vs. NOP,03/21/2024,W,23,8,4,7,57.1,0,2,0,0,3,0,2,4,6,4,3,1,1,0,-2,32.2
LeBron James,LAL,LAL vs. PHI,03/22/2024,W,38,20,7,15,46.7,1,3,33.3,5,7,71.4,0,8,8,6,0,1,8,1,7,33.6
Stephen Curry,GSW,GSW vs. IND,03/22/2024,L,35,25,9,24,37.5,6,18,33.3,1,1,100,3,8,11,5,0,0,1,0,-13,44.7
James Harden,LAC,LAC @ POR,03/22/2024,W,36,15,5,13,38.5,2,9,22.2,3,4,75,1,4,5,10,1,1,2,1,21,40
Tyrese Maxey,PHI,PHI @ LAL,03/22/2024,L,39,27,10,26,38.5,1,9,11.1,6,6,100,0,2,2,3,3,0,0,4,-1,42.9
Shai Gilgeous-Alexander,OKC,OKC @ TOR,03/22/2024,W,33,23,9,20,45,1,5,20,4,6,66.7,1,6,7,8,3,1,6,4,7,49.4
Anthony Edwards,MIN,MIN vs. CLE,03/22/2024,W,35,16,6,17,35.3,1,1,100,3,4,75,2,11,13,5,0,0,3,1,12,36.1
Victor Wembanyama,SAS,SAS vs. MEM,03/22/2024,L,33,31,11,24,45.8,3,12,25,6,10,60,5,11,16,5,2,3,7,2,15,65.7
Kevin Durant,PHX,PHX @ SAS,03/23/2024,W,31,25,12,16,75,1,2,50,0,0,-,0,4,4,4,3,0,0,0,31,44.8
Jayson Tatum,BOS,BOS @ CHI,03/23/2024,W,37,26,8,20,40,2,7,28.6,8,9,88.9,1,1,2,6,1,1,5,1,5,38.4
Jalen Brunson,NYK,NYK vs. BKN,03/23/2024,W,33,17,7,24,29.2,3,4,75,0,0,-,1,3,4,8,1,0,1,1,12,35.8
Victor Wembanyama,SAS,SAS vs. PHX,03/23/2024,L,21,13,5,7,71.4,1,2,50,2,2,100,1,4,5,4,0,1,5,0,-13,23
Wendell Carter Jr.,ORL,ORL vs. SAC,03/23/2024,L,23,3,1,6,16.7,0,3,0,1,2,50,3,8,11,1,0,0,1,1,-20,16.7
LeBron James,LAL,LAL vs. IND,03/24/2024,W,38,26,8,19,42.1,2,4,50,8,8,100,1,4,5,10,1,1,3,1,12,50
Stephen Curry,GSW,GSW @ MIN,03/24/2024,L,30,31,9,21,42.9,5,11,45.5,8,8,100,0,4,4,3,0,0,2,1,6,38.3
James Harden,LAC,LAC vs. PHI,03/24/2024,L,34,12,5,13,38.5,0,6,0,2,2,100,1,3,4,14,1,1,2,0,-16,41.8
Tyrese Maxey,PHI,PHI @ LAC,03/24/2024,W,44,24,9,17,52.9,3,5,60,3,4,75,1,0,1,6,1,1,0,2,15,40.2
Giannis Antetokounmpo,MIL,MIL vs. OKC,03/24/2024,W,34,30,13,18,72.2,0,0,-,4,6,66.7,8,11,19,4,0,1,3,3,7,58.8
Shai Gilgeous-Alexander,OKC,OKC @ MIL,03/24/2024,L,30,12,5,12,41.7,0,3,0,2,3,66.7,0,3,3,2,3,1,4,0,-17,26.6
Anthony Edwards,MIN,MIN vs. GSW,03/24/2024,W,38,23,7,18,38.9,4,8,50,5,8,62.5,0,6,6,8,0,0,2,1,-9,40.2
James Harden,LAC,LAC vs. IND,03/25/2024,L,34,11,3,7,42.9,0,1,0,5,5,100,0,3,3,7,1,0,1,3,-24,27.1
Tyrese Maxey,PHI,PHI @ SAC,03/25/2024,L,35,29,10,16,62.5,5,7,71.4,4,6,66.7,0,3,3,2,0,0,2,3,-15,33.6
Kevin Durant,PHX,PHX @ SAS,03/25/2024,L,36,29,12,17,70.6,4,6,66.7,1,2,50,0,8,8,6,1,0,3,2,5,47.6
Jayson Tatum,BOS,BOS @ ATL,03/25/2024,L,39,37,13,26,50,2,7,28.6,9,11,81.8,2,6,8,5,2,1,2,1,3,61.1
Jalen Brunson,NYK,NYK vs. DET,03/25/2024,W,30,28,10,20,50,3,7,42.9,5,5,100,0,2,2,6,0,0,0,3,37,39.4
Stephen Curry,GSW,GSW @ MIA,03/26/2024,W,31,17,7,15,46.7,3,10,30,0,0,-,1,1,2,6,0,0,1,1,19,27.4
Giannis Antetokounmpo,MIL,MIL vs. LAL,03/26/2024,L,46,29,14,25,56,0,1,0,1,6,16.7,8,13,21,11,2,3,7,3,-13,78.7
Shai Gilgeous-Alexander,OKC,OKC @ NOP,03/26/2024,W,38,24,9,20,45,1,3,33.3,5,6,83.3,2,3,5,8,2,0,0,1,14,48
LeBron James,LAL,LAL @ MEM,03/27/2024,W,35,23,8,14,57.1,0,1,0,7,11,63.6,0,14,14,12,1,0,4,1,33,56.8
Stephen Curry,GSW,GSW @ ORL,03/27/2024,W,35,17,6,18,33.3,3,8,37.5,2,2,100,0,4,4,10,0,0,2,2,18,34.8
James Harden,LAC,LAC @ PHI,03/27/2024,W,39,16,6,15,40,3,9,33.3,1,2,50,0,5,5,14,2,1,1,1,1,51
Tyrese Maxey,PHI,PHI vs. LAC,03/27/2024,L,44,26,9,20,45,3,8,37.5,5,6,83.3,0,7,7,8,1,2,2,1,1,53.4
Anthony Edwards,MIN,MIN vs. DET,03/27/2024,W,29,9,4,11,36.4,1,4,25,0,2,0,1,2,3,5,1,0,3,0,9,20.1
Kevin Durant,PHX,PHX @ DEN,03/27/2024,W,38,30,12,20,60,3,4,75,3,3,100,2,11,13,3,0,5,8,1,11,57.1
Jalen Brunson,NYK,NYK @ TOR,03/27/2024,W,29,26,11,19,57.9,2,6,33.3,2,2,100,1,3,4,7,0,0,0,0,27,41.3
Victor Wembanyama,SAS,SAS @ UTA,03/27/2024,W,30,19,7,15,46.7,1,4,25,4,7,57.1,2,6,8,6,0,5,6,4,10,46.6
Wendell Carter Jr.,ORL,ORL vs. GSW,03/27/2024,L,19,7,3,7,42.9,0,2,0,1,3,33.3,2,4,6,0,2,0,1,1,-16,19.2
Giannis Antetokounmpo,MIL,MIL @ NOP,03/28/2024,L,39,35,15,22,68.2,0,2,0,5,11,45.5,3,11,14,4,0,0,2,5,-2,55.8
Jayson Tatum,BOS,BOS @ ATL,03/28/2024,L,45,31,9,22,40.9,2,7,28.6,11,13,84.6,3,10,13,6,0,0,2,3,-11,53.6
LeBron James,LAL,LAL @ IND,03/29/2024,L,35,16,6,12,50,0,3,0,4,4,100,1,9,10,8,0,0,5,1,-13,35
Stephen Curry,GSW,GSW @ CHA,03/29/2024,W,32,23,9,18,50,4,11,36.4,1,1,100,0,1,1,4,1,0,0,1,13,33.2
James Harden,LAC,LAC @ ORL,03/29/2024,W,37,11,3,12,25,1,7,14.3,4,5,80,2,6,8,4,4,0,4,1,-3,34.6
Tyrese Maxey,PHI,PHI @ CLE,03/29/2024,L,43,16,7,26,26.9,2,12,16.7,0,1,0,0,2,2,11,2,0,3,0,3,37.9
Anthony Edwards,MIN,MIN @ DEN,03/29/2024,W,39,25,8,19,42.1,0,8,0,9,10,90,1,3,4,5,3,0,2,2,11,44.3
Kevin Durant,PHX,PHX @ OKC,03/29/2024,L,31,26,10,17,58.8,4,7,57.1,2,3,66.7,0,6,6,1,1,1,3,2,-15,37.7
Jalen Brunson,NYK,NYK @ SAS,03/29/2024,L,43,61,25,47,53.2,5,13,38.5,6,6,100,1,3,4,6,1,0,1,2,20,76.8
Victor Wembanyama,SAS,SAS vs. NYK,03/29/2024,W,38,40,13,22,59.1,4,9,44.4,10,12,83.3,5,15,20,7,2,1,4,2,1,79.5
Wendell Carter Jr.,ORL,ORL vs. LAC,03/29/2024,L,24,2,1,3,33.3,0,1,0,0,0,-,2,3,5,2,0,1,1,0,-3,13
Giannis Antetokounmpo,MIL,MIL @ ATL,03/30/2024,W,38,36,12,22,54.5,0,1,0,12,16,75,4,12,16,8,3,1,3,2,8,76.2
Jayson Tatum,BOS,BOS @ NOP,03/30/2024,W,36,23,10,17,58.8,3,6,50,0,0,-,1,8,9,4,0,0,4,1,8,35.8
Wendell Carter Jr.,ORL,ORL vs. MEM,03/30/2024,W,28,15,4,10,40,3,7,42.9,4,4,100,1,12,13,2,2,1,1,2,39,41.6
LeBron James,LAL,LAL @ BKN,03/31/2024,W,37,40,13,17,76.5,9,10,90,5,6,83.3,1,6,7,5,0,0,4,0,22,51.9
Stephen Curry,GSW,GSW @ SAS,03/31/2024,W,33,33,12,23,52.2,7,15,46.7,2,2,100,0,1,1,8,0,0,4,1,12,42.2
James Harden,LAC,LAC @ CHA,03/31/2024,W,36,6,1,3,33.3,1,3,33.3,3,4,75,0,6,6,10,1,0,0,0,6,31.2
Shai Gilgeous-Alexander,OKC,OKC @ NYK,03/31/2024,W,35,19,7,16,43.8,1,4,25,4,4,100,1,1,2,3,1,0,2,4,-15,26.9
Anthony Edwards,MIN,MIN vs. CHI,03/31/2024,L,36,22,9,20,45,0,5,0,4,6,66.7,2,9,11,5,0,1,6,1,-10,39.7
Jalen Brunson,NYK,NYK vs. OKC,03/31/2024,L,35,30,11,25,44,4,11,36.4,4,8,50,0,2,2,7,1,0,3,3,17,42.9
Victor Wembanyama,SAS,SAS vs. GSW,03/31/2024,L,31,32,10,22,45.5,3,10,30,9,10,90,1,8,9,5,4,3,5,2,-11,66.3
Kevin Durant,PHX,PHX @ NOP,04/01/2024,W,41,20,7,19,36.8,3,11,27.3,3,3,100,1,6,7,3,2,0,3,2,13,35.9
Jayson Tatum,BOS,BOS @ CHA,04/01/2024,W,34,25,9,19,47.4,4,10,40,3,3,100,0,10,10,4,2,1,4,2,14,48
Wendell Carter Jr.,ORL,ORL vs. POR,04/01/2024,W,31,17,6,10,60,1,4,25,4,7,57.1,3,10,13,5,3,1,2,2,13,50.1
LeBron James,LAL,LAL @ TOR,04/02/2024,W,29,23,10,12,83.3,1,1,100,2,5,40,0,4,4,9,0,0,1,0,13,40.3
Stephen Curry,GSW,GSW vs. DAL,04/02/2024,W,32,13,5,18,27.8,3,5,60,0,0,-,0,7,7,7,1,2,4,1,-4,36.9
James Harden,LAC,LAC @ SAC,04/02/2024,L,31,6,1,7,14.3,1,5,20,3,4,75,1,4,5,8,1,0,5,0,-13,22
Giannis Antetokounmpo,MIL,MIL @ WAS,04/02/2024,L,36,35,15,21,71.4,0,0,-,5,9,55.6,3,12,15,10,0,0,2,2,2,66
Anthony Edwards,MIN,MIN vs. HOU,04/02/2024,W,36,21,5,16,31.3,0,6,0,11,11,100,1,4,5,3,2,0,3,1,0,34.5
Jalen Brunson,NYK,NYK @ MIA,04/02/2024,L,36,20,5,18,27.8,1,6,16.7,9,10,90,0,2,2,10,0,0,5,2,-9,32.4
Victor Wembanyama,SAS,SAS @ DEN,04/02/2024,L,34,23,9,29,31,2,11,18.2,3,6,50,5,10,15,8,1,9,2,3,-9,81
Joel Embiid,PHI,PHI vs. OKC,04/02/2024,W,29,24,6,14,42.9,0,3,0,12,12,100,1,5,6,7,3,0,6,4,-2,44.7
LeBron James,LAL,LAL @ WAS,04/03/2024,W,36,25,9,18,50,0,1,0,7,9,77.8,2,5,7,9,3,0,4,2,9,51.9
Giannis Antetokounmpo,MIL,MIL vs. MEM,04/03/2024,L,32,21,10,23,43.5,0,4,0,1,3,33.3,1,6,7,8,1,5,3,4,3,56.4
Anthony Edwards,MIN,MIN vs. TOR,04/03/2024,W,30,28,10,23,43.5,5,12,41.7,3,5,60,0,3,3,6,2,0,0,0,26,46.6
Kevin Durant,PHX,PHX vs. CLE,04/03/2024,W,36,32,13,23,56.5,3,7,42.9,3,4,75,0,6,6,7,1,0,4,2,11,48.7
Jayson Tatum,BOS,BOS vs. OKC,04/03/2024,W,29,24,7,15,46.7,2,5,40,8,8,100,3,4,7,3,1,0,0,2,14,39.9
Wendell Carter Jr.,ORL,ORL @ NOP,04/03/2024,W,24,14,5,7,71.4,3,4,75,1,2,50,2,9,11,3,0,0,2,3,-3,29.7
Stephen Curry,GSW,GSW @ HOU,04/04/2024,W,31,29,9,14,64.3,2,6,33.3,9,9,100,0,6,6,6,0,0,3,2,29,42.2
James Harden,LAC,LAC vs. DEN,04/04/2024,W,38,20,6,23,26.1,2,13,15.4,6,7,85.7,1,5,6,8,1,0,1,0,4,41.2
Tyrese Maxey,PHI,PHI @ MIA,04/04/2024,W,41,37,15,26,57.7,5,14,35.7,2,2,100,2,7,9,11,1,1,1,3,26,69.3
Jalen Brunson,NYK,NYK vs. SAC,04/04/2024,W,38,35,12,20,60,2,5,40,9,10,90,0,2,2,11,3,0,3,2,22,59.9
Joel Embiid,PHI,PHI @ MIA,04/04/2024,W,33,29,11,25,44,3,6,50,4,5,80,0,4,4,3,1,1,1,2,-19,43.3
Stephen Curry,GSW,GSW @ DAL,04/05/2024,L,35,28,9,23,39.1,5,14,35.7,5,6,83.3,1,5,6,5,1,0,2,2,-5,43.7
James Harden,LAC,LAC vs. UTA,04/05/2024,W,33,13,4,10,40,2,7,28.6,3,3,100,0,10,10,15,0,0,5,1,19,42.5
Anthony Edwards,MIN,MIN @ PHX,04/05/2024,L,33,17,6,19,31.6,2,6,33.3,3,3,100,3,5,8,3,3,0,4,3,-13,36.1
Kevin Durant,PHX,PHX vs. MIN,04/05/2024,W,35,22,9,14,64.3,1,4,25,3,3,100,1,5,6,6,1,0,1,4,22,40.2
Jayson Tatum,BOS,BOS vs. SAC,04/05/2024,W,33,17,5,15,33.3,1,6,16.7,6,8,75,0,6,6,5,0,0,3,0,14,28.7
Jalen Brunson,NYK,NYK @ CHI,04/05/2024,L,42,35,13,28,46.4,1,5,20,8,10,80,1,5,6,11,2,0,5,1,-2,59.7
Victor Wembanyama,SAS,SAS @ NOP,04/05/2024,W,34,17,5,12,41.7,3,6,50,4,4,100,2,10,12,9,1,3,2,1,4,54.9
Wendell Carter Jr.,ORL,ORL @ CHA,04/05/2024,L,37,13,5,10,50,3,7,42.9,0,0,-,3,4,7,1,1,1,1,4,-15,27.9
LeBron James,LAL,LAL vs. CLE,04/06/2024,W,36,24,10,18,55.6,1,5,20,3,5,60,0,5,5,12,1,1,5,1,10,49
Tyrese Maxey,PHI,PHI @ MEM,04/06/2024,W,25,7,2,6,33.3,1,4,25,2,2,100,0,1,1,5,0,0,0,2,8,15.7
Joel Embiid,PHI,PHI @ MEM,04/06/2024,W,23,30,9,13,69.2,2,2,100,10,13,76.9,3,9,12,1,0,2,8,2,15,43.9
James Harden,LAC,LAC vs. CLE,04/07/2024,W,26,22,6,11,54.5,4,8,50,6,6,100,0,5,5,5,0,0,2,3,-20,33.5
Tyrese Maxey,PHI,PHI @ SAS,04/07/2024,W,54,52,19,41,46.3,2,10,20,12,12,100,0,5,5,7,2,0,1,2,14,73.5
Giannis Antetokounmpo,MIL,MIL vs. NYK,04/07/2024,L,39,28,10,20,50,0,1,0,8,11,72.7,3,12,15,8,1,2,4,2,-5,63
Anthony Edwards,MIN,MIN @ LAL,04/07/2024,W,35,26,9,20,45,3,8,37.5,5,5,100,0,1,1,8,1,0,1,1,2,41.2
Kevin Durant,PHX,PHX vs. NOP,04/07/2024,L,38,23,8,22,36.4,3,8,37.5,4,4,100,0,4,4,6,0,0,0,1,-12,36.8
Jalen Brunson,NYK,NYK @ MIL,04/07/2024,W,39,43,16,32,50,2,6,33.3,9,11,81.8,1,5,6,8,0,0,1,4,11,61.2
Victor Wembanyama,SAS,SAS vs. PHI,04/07/2024,L,43,33,11,20,55,5,10,50,6,7,85.7,3,15,18,6,0,7,9,1,-1,75.6
Wendell Carter Jr.,ORL,ORL vs. CHI,04/07/2024,W,34,11,5,11,45.5,1,6,16.7,0,0,-,2,6,8,3,2,1,0,5,7,34.1
LeBron James,LAL,LAL vs. GSW,04/09/2024,L,36,33,14,22,63.6,1,3,33.3,4,5,80,1,6,7,11,2,0,4,0,-6,59.9
Stephen Curry,GSW,GSW @ LAL,04/09/2024,W,32,23,7,9,77.8,6,6,100,3,4,75,0,7,7,8,1,2,1,2,13,51.4
Giannis Antetokounmpo,MIL,MIL vs. BOS,04/09/2024,W,29,15,7,11,63.6,0,0,-,1,2,50,3,5,8,7,1,2,4,1,17,40.1
Shai Gilgeous-Alexander,OKC,OKC vs. SAC,04/09/2024,W,38,40,11,21,52.4,2,3,66.7,16,20,80,1,6,7,4,2,2,5,2,6,61.4
Anthony Edwards,MIN,MIN vs. WAS,04/09/2024,W,38,51,17,29,58.6,6,13,46.2,11,11,100,1,5,6,7,0,0,2,0,6,66.7
Kevin Durant,PHX,PHX vs. LAC,04/09/2024,L,40,21,8,22,36.4,2,5,40,3,5,60,0,2,2,2,2,0,1,2,-14,31.4
Jayson Tatum,BOS,BOS @ MIL,04/09/2024,L,37,22,9,19,47.4,4,9,44.4,0,0,-,0,5,5,6,0,1,2,1,-11,38
Jalen Brunson,NYK,NYK @ CHI,04/09/2024,W,42,45,13,24,54.2,7,12,58.3,12,12,100,0,3,3,8,1,0,1,0,9,62.6
Victor Wembanyama,SAS,SAS @ MEM,04/09/2024,W,31,18,9,19,47.4,0,5,0,0,0,-,1,6,7,6,0,7,1,1,15,55.4
Wendell Carter Jr.,ORL,ORL @ HOU,04/09/2024,L,21,7,3,7,42.9,1,3,33.3,0,0,-,3,3,6,2,1,0,2,2,-11,18.2
Joel Embiid,PHI,PHI vs. DET,04/09/2024,W,36,37,12,22,54.5,4,9,44.4,9,10,90,2,9,11,8,3,2,5,4,17,72.2
Shai Gilgeous-Alexander,OKC,OKC vs. SAS,04/10/2024,W,26,26,10,18,55.6,1,3,33.3,5,5,100,0,6,6,5,0,0,1,1,26,39.7
Anthony Edwards,MIN,MIN @ DEN,04/10/2024,L,35,25,9,18,50,2,6,33.3,5,7,71.4,0,2,2,4,0,0,1,1,-16,32.4
Kevin Durant,PHX,PHX @ LAC,04/10/2024,W,37,24,10,21,47.6,2,9,22.2,2,2,100,0,9,9,3,1,2,4,0,8,44.3
Wendell Carter Jr.,ORL,ORL @ MIL,04/10/2024,L,23,9,3,9,33.3,1,4,25,2,2,100,2,1,3,0,0,0,1,2,-14,11.6
Trae Young,ATL,ATL vs. CHA,04/10/2024,L,21,14,5,5,100,2,2,100,2,2,100,0,4,4,11,1,0,5,1,16,33.3
Stephen Curry,GSW,GSW @ POR,04/11/2024,W,36,22,8,22,36.4,5,16,31.3,1,1,100,0,7,7,8,1,2,2,0,7,49.4
Jayson Tatum,BOS,BOS vs. NYK,04/11/2024,L,32,18,5,13,38.5,1,7,14.3,7,9,77.8,1,3,4,7,2,1,2,3,-30,40.3
Jalen Brunson,NYK,NYK @ BOS,04/11/2024,W,30,39,15,23,65.2,6,11,54.5,3,5,60,0,2,2,4,0,0,2,2,28,45.4
LeBron James,LAL,LAL @ MEM,04/12/2024,W,41,37,13,20,65,3,7,42.9,8,11,72.7,2,7,9,5,2,0,8,1,-3,53.3
Stephen Curry,GSW,GSW vs. NOP,04/12/2024,L,32,33,12,23,52.2,7,13,53.8,2,2,100,0,4,4,5,1,0,7,2,-8,41.3
James Harden,LAC,LAC vs. UTA,04/12/2024,L,10,4,1,4,25,0,2,0,2,3,66.7,0,0,0,5,0,0,1,0,8,10.5
Tyrese Maxey,PHI,PHI vs. ORL,04/12/2024,W,40,28,10,19,52.6,5,10,50,3,4,75,1,1,2,3,0,1,1,2,8,36.9
Shai Gilgeous-Alexander,OKC,OKC vs. MIL,04/12/2024,W,29,23,7,21,33.3,0,7,0,9,9,100,1,6,7,3,0,1,0,1,10,38.9
Anthony Edwards,MIN,MIN vs. ATL,04/12/2024,W,27,14,4,12,33.3,0,5,0,6,6,100,0,4,4,4,2,0,3,4,0,27.8
Kevin Durant,PHX,PHX @ SAC,04/12/2024,W,42,28,11,20,55,3,7,42.9,3,3,100,1,4,5,3,0,0,3,2,-4,35.5
Jalen Brunson,NYK,NYK vs. BKN,04/12/2024,W,37,30,10,25,40,3,7,42.9,7,7,100,0,1,1,11,1,0,0,2,7,50.7
Victor Wembanyama,SAS,SAS vs. DEN,04/12/2024,W,37,34,12,27,44.4,5,12,41.7,5,7,71.4,1,11,12,5,1,2,7,1,-11,57.9
Wendell Carter Jr.,ORL,ORL @ PHI,04/12/2024,L,4,4,2,3,66.7,0,1,0,0,0,-,0,0,0,0,0,0,0,2,-2,4
Joel Embiid,PHI,PHI vs. ORL,04/12/2024,W,32,32,10,23,43.5,4,7,57.1,8,9,88.9,0,13,13,7,0,1,4,2,22,57.1
Trae Young,ATL,ATL @ MIN,04/12/2024,L,27,19,6,12,50,3,7,42.9,4,6,66.7,0,2,2,7,1,0,2,1,16,32.9
LeBron James,LAL,LAL @ NOP,04/14/2024,W,38,28,11,20,55,0,2,0,6,6,100,2,9,11,17,5,1,4,0,19,80.7
Tyrese Maxey,PHI,PHI vs. BKN,04/14/2024,W,29,26,10,20,50,3,7,42.9,3,4,75,0,3,3,3,1,0,2,3,18,35.1
Shai Gilgeous-Alexander,OKC,OKC vs. DAL,04/14/2024,W,16,15,5,11,45.5,0,4,0,5,5,100,1,0,1,6,0,0,0,1,32,25.2
Anthony Edwards,MIN,MIN vs. PHX,04/14/2024,L,35,13,3,7,42.9,0,2,0,7,8,87.5,1,5,6,4,1,1,5,3,-21,27.2
Kevin Durant,PHX,PHX @ MIN,04/14/2024,W,38,15,6,14,42.9,1,3,33.3,2,2,100,2,2,4,1,2,1,4,3,30,26.3
Jalen Brunson,NYK,NYK vs. CHI,04/14/2024,W,41,40,14,30,46.7,1,4,25,11,12,91.7,2,6,8,7,0,0,4,1,1,56.1
Wendell Carter Jr.,ORL,ORL vs. MIL,04/14/2024,W,14,7,3,3,100,1,1,100,0,0,-,2,0,2,0,0,0,0,1,27,9.4
Trae Young,ATL,ATL @ IND,04/14/2024,L,32,12,4,9,44.4,1,4,25,3,3,100,1,2,3,12,0,0,8,1,-35,25.6